PPG,HI,HR,HR_A,PI,PI_A
1937,468,0,0,0,0
1952,468,0,0,0,6.42
1968,468,0,0,0,6.42
1985,468,0,0,0,6.42
2002,468,0,0,0,6.42
2021,468,0,0,0,6.42
2040,468,0,0,0,6.42
2058,468,0,0,0,6.42
2076,468,0,0,0,6.42
2095,468,0,0,0,6.42
2112,468,0,0,0,6.42
2129,468,0,0,0,6.42
2145,468,0,0,0,6.42
2159,468,0,0,0,6.42
2173,468,0,0,0,6.42
2185,468,0,0,0,6.42
2195,468,0,0,0,6.42
2204,468,0,0,0,6.42
2212,468,0,0,0,6.42
2218,468,0,0,0,6.42
2222,468,0,0,0,6.42
2225,468,0,0,0,6.42
2227,468,0,0,0,6.42
2228,468,0,0,0,6.42
2228,468,0,0,0,6.42
2226,468,0,0,0,6.42
2224,468,0,0,0,6.42
2221,468,0,0,0,6.42
2218,468,126,0,0,6.42
2214,468,126,0,0,6.42
2209,468,126,0,19.04,6.42
2205,468,126,88,19.04,6.42
2200,468,126,88,19.04,6.42
2194,468,126,88,19.04,6.42
2189,468,126,88,19.04,6.42
2184,468,126,88,19.04,6.42
2179,468,126,88,19.04,6.42
2174,468,126,88,19.04,6.42
2170,468,126,88,19.04,6.42
2164,468,126,88,19.04,6.42
2161,468,126,88,19.04,6.42
2157,468,126,88,19.04,6.42
2154,468,126,88,19.04,6.42
2150,468,126,88,19.04,6.42
2147,468,126,88,19.04,6.42
2144,468,126,88,19.04,6.42
2141,468,126,88,19.04,6.42
2138,468,126,88,19.04,6.42
2135,468,126,88,19.04,6.42
2131,468,126,88,19.04,6.42
2128,468,126,88,19.04,6.42
2124,468,126,88,19.04,6.42
2119,468,126,88,19.04,6.42
2115,468,126,88,19.04,6.42
2110,468,126,88,19.04,6.42
2105,468,126,88,19.04,6.42
2099,468,126,88,19.04,6.42
2093,468,126,88,19.04,6.42
2087,468,126,88,19.04,6.42
2080,468,126,88,19.04,6.42
2073,468,126,88,19.04,6.42
2067,468,126,88,19.04,6.42
2061,468,126,88,19.04,6.42
2054,468,126,88,19.04,6.42
2049,468,126,88,19.04,6.42
2044,468,126,88,19.04,6.42
2038,468,126,88,19.04,6.42
2034,468,126,88,19.04,6.42
2030,468,126,88,19.04,6.42
2026,468,126,88,19.04,6.42
2023,468,126,88,19.04,6.42
2020,468,126,88,19.04,6.42
2018,468,126,88,19.04,6.42
2017,468,126,88,19.04,6.42
2015,468,126,88,19.04,6.42
2015,468,126,88,19.04,6.42
2014,468,126,88,19.04,6.42
2014,468,126,88,19.04,6.42
2015,468,126,88,19.04,6.42
2015,468,126,88,19.04,6.42
2015,468,126,88,19.04,6.42
2016,468,126,88,19.04,6.42
2016,468,126,88,19.04,6.42
2016,468,126,88,19.04,6.42
2017,468,126,88,19.04,6.42
2018,468,126,88,19.04,6.42
2018,468,126,88,19.04,6.42
2017,468,126,88,19.04,6.42
2017,468,126,88,19.04,6.42
2016,468,126,88,19.04,6.42
2015,468,126,88,19.04,6.42
2014,468,126,88,19.04,6.42
2013,468,126,88,19.04,6.42
2011,468,126,88,19.04,6.42
2009,468,126,88,19.04,6.42
2006,468,126,88,19.04,6.42
2003,468,126,88,19.04,6.42
2001,468,126,88,19.04,6.42
1997,468,126,88,19.04,6.42
1993,468,126,88,19.04,6.42
1990,468,126,88,19.04,6.42
1985,468,126,88,19.04,6.42
1981,468,126,88,19.04,6.42
1977,468,126,88,19.04,6.42
1972,468,126,88,19.04,6.42
1968,468,126,88,19.04,6.42
1962,468,126,88,19.04,6.42
1959,468,126,88,19.04,6.42
1953,468,126,88,19.04,6.42
1948,468,126,88,19.04,6.42
1944,468,126,88,19.04,6.42
1939,468,126,88,19.04,6.42
1935,468,126,88,19.04,6.42
1930,468,126,88,19.04,6.42
1926,468,126,88,19.04,6.42
1922,468,126,88,19.04,6.42
1918,468,126,88,19.04,6.42
1914,468,126,88,19.04,6.42
1910,468,126,88,19.04,6.42
1906,468,126,88,19.04,6.42
1903,468,126,88,19.04,6.42
1899,468,126,88,19.04,6.42
1896,468,126,88,19.04,6.42
1894,468,126,88,19.04,6.42
1891,468,126,88,19.04,6.42
1888,468,126,88,19.04,6.42
1886,468,126,88,19.04,6.42
1884,468,126,88,19.04,6.42
1881,468,126,88,19.04,6.42
1880,468,126,88,19.04,6.42
1878,468,126,88,19.04,6.42
1876,468,126,88,19.04,6.42
1876,468,126,88,19.04,6.42
1874,468,126,88,19.04,6.42
1872,468,126,88,19.04,6.42
1871,468,126,88,19.04,6.42
1870,468,126,88,19.04,6.42
1869,468,126,88,19.04,6.42
1868,468,126,88,19.04,6.42
1868,468,126,88,19.04,6.42
1866,468,126,88,19.04,6.42
1866,468,126,88,19.04,6.42
1865,468,126,88,19.04,6.42
1864,468,126,88,19.04,6.42
1863,468,126,88,19.04,6.42
1862,468,126,88,19.04,6.42
1860,468,126,88,19.04,6.42
1859,468,126,88,19.04,6.42
1857,468,126,88,19.04,6.42
1856,468,126,88,19.04,6.42
1854,468,126,88,19.04,6.42
1852,468,126,88,19.04,6.42
1850,468,126,88,19.04,6.42
1849,468,126,88,19.04,6.42
1848,468,126,88,19.04,6.42
1847,468,126,88,19.04,6.42
1846,468,126,88,19.04,6.42
1845,468,126,88,19.04,6.42
1845,468,126,88,19.04,6.42
1843,468,126,88,19.04,6.42
1842,468,126,88,19.04,6.42
1841,468,126,88,19.04,6.42
1840,468,126,88,19.04,6.42
1839,468,126,88,19.04,6.42
1838,468,126,88,19.04,6.42
1838,468,126,88,19.04,6.42
1836,468,126,88,19.04,6.42
1836,468,126,88,19.04,6.42
1835,468,126,88,19.04,6.42
1834,468,126,88,19.04,6.42
1834,468,126,88,19.04,6.42
1832,468,126,88,19.04,6.42
1832,468,126,88,19.04,6.42
1831,468,126,88,19.04,6.42
1830,468,126,88,19.04,6.42
1829,468,126,88,19.04,6.42
1829,468,126,88,19.04,6.42
1828,468,126,88,19.04,6.42
1827,468,126,88,19.04,6.42
1826,468,126,88,19.04,6.42
1826,468,126,88,19.04,6.42
1825,468,126,88,19.04,6.42
1823,468,126,88,19.04,6.42
1823,468,126,88,19.04,6.42
1822,468,126,88,19.04,6.42
1821,468,126,88,19.04,6.42
1820,468,126,88,19.04,6.42
1820,468,126,88,19.04,6.42
1818,468,126,88,19.04,6.42
1817,468,126,88,19.04,6.42
1816,468,126,88,19.04,6.42
1815,468,126,88,19.04,6.42
1814,468,126,88,19.04,6.42
1813,468,126,88,19.04,6.42
1812,468,126,88,19.04,6.42
1810,468,126,88,19.04,6.42
1809,468,126,88,19.04,6.42
1807,468,126,88,19.04,6.42
1807,468,126,88,19.04,6.42
1806,468,126,88,19.04,6.42
1804,468,126,88,19.04,6.42
1803,468,126,88,19.04,6.42
1802,468,126,88,19.04,6.42
1802,468,126,88,19.04,6.42
1801,468,126,88,19.04,6.42
1800,468,126,88,19.04,6.42
1799,468,126,88,19.04,6.42
1798,468,126,88,19.04,6.42
1798,468,126,88,19.04,6.42
1797,468,126,88,19.04,6.42
1798,468,126,88,19.04,6.42
1799,468,126,88,19.04,6.42
1799,468,126,88,19.04,6.42
1801,468,126,88,19.04,6.42
1805,468,126,88,19.04,6.42
1808,468,126,88,19.04,6.42
1814,468,126,88,19.04,6.42
1820,468,126,88,19.04,6.42
1828,468,126,88,19.04,6.42
1838,468,126,88,19.04,6.42
1849,468,126,88,19.04,6.42
1863,468,126,88,19.04,6.42
1879,468,126,88,19.04,6.42
1895,468,126,88,19.04,6.42
1913,468,126,88,19.04,6.42
1933,468,126,88,19.04,6.42
1954,468,126,88,19.04,6.42
1975,468,126,88,19.04,6.42
1998,468,126,88,19.04,6.42
2021,468,126,88,19.04,6.42
2044,468,126,88,19.04,6.42
2066,468,126,88,19.04,6.42
2121,468,126,88,19.04,6.42
2165,468,126,88,19.04,6.42
2210,468,126,88,19.04,6.42
2252,468,126,88,19.04,6.42
2293,468,126,88,19.04,6.42
2331,468,126,88,19.04,6.42
2367,468,126,88,19.04,6.42
2399,468,126,88,19.04,6.42
2433,468,126,88,19.04,6.42
2457,468,126,88,19.04,6.42
2477,468,126,88,19.04,6.42
2494,468,126,88,19.04,6.42
2508,468,126,88,19.04,6.42
2518,468,126,88,19.04,6.42
2525,468,126,88,19.04,6.42
2530,468,126,88,19.04,6.42
2532,468,126,88,19.04,6.42
2532,468,126,88,19.04,6.42
2529,468,126,88,19.04,6.42
2524,468,126,88,19.04,6.42
2518,468,126,88,19.04,6.42
2510,468,126,88,19.04,6.42
2502,468,126,88,19.04,6.42
2492,468,126,88,19.04,6.42
2482,468,126,88,19.04,6.42
2471,468,126,88,19.04,6.42
2460,468,126,88,19.04,6.42
2450,468,126,88,19.04,6.42
2439,468,126,88,19.04,6.42
2428,468,126,88,19.04,6.42
2419,468,126,88,19.04,6.42
2410,468,126,88,19.04,6.42
2402,468,126,88,19.04,6.42
2393,468,126,88,19.04,6.42
2386,468,126,88,19.04,6.42
2379,468,126,88,19.04,6.42
2372,468,126,88,19.04,6.42
2367,468,126,88,19.04,6.42
2361,468,126,88,19.04,6.42
2355,468,126,88,19.04,6.42
2351,468,126,88,19.04,6.42
2345,468,126,88,19.04,6.42
2339,468,126,88,19.04,6.42
2333,468,126,88,19.04,6.42
2328,468,126,88,19.04,6.42
2320,468,126,88,19.04,6.42
2311,468,126,88,19.04,6.42
2303,468,126,88,19.04,6.42
2293,468,126,88,19.04,6.42
2281,468,126,88,19.04,6.42
2269,468,126,88,19.04,6.42
2255,468,126,88,19.04,6.42
2243,468,126,88,19.04,6.42
2228,468,126,88,19.04,6.42
2214,468,126,88,19.04,6.42
2200,468,126,88,19.04,6.42
2186,468,126,88,19.04,6.42
2172,468,126,88,19.04,6.42
2160,468,126,88,19.04,6.42
2147,468,126,88,19.04,6.42
2135,468,126,88,19.04,6.42
2124,468,126,88,19.04,6.42
2115,468,126,88,19.04,6.42
2106,468,126,88,19.04,6.42
2097,468,126,88,19.04,6.42
2090,468,126,88,19.04,6.42
2084,468,126,88,19.04,6.42
2078,468,126,88,19.04,6.42
2074,468,126,88,19.04,6.42
2071,468,126,88,19.04,6.42
2068,468,126,88,19.04,6.42
2066,468,126,88,19.04,6.42
2065,468,126,88,19.04,6.42
2063,468,126,88,19.04,6.42
2062,468,126,88,19.04,6.42
2061,468,126,88,19.04,6.42
2061,468,126,88,19.04,6.42
2060,468,126,88,19.04,6.42
2060,468,126,88,19.04,6.42
2057,468,126,88,19.04,6.42
2057,468,126,88,19.04,6.42
2056,468,126,88,19.04,6.42
2054,468,126,88,19.04,6.42
2052,468,126,88,19.04,6.42
2048,468,126,88,19.04,6.42
2044,468,126,88,19.04,6.42
2041,468,126,88,19.04,6.42
2036,468,126,88,19.04,6.42
2031,468,126,88,19.04,6.42
2026,468,126,88,19.04,6.42
2019,468,126,88,19.04,6.42
2013,468,126,88,19.04,6.42
2006,468,126,88,19.04,6.42
1998,468,126,88,19.04,6.42
1991,468,126,88,19.04,6.42
1982,468,126,88,19.04,6.42
1975,468,126,88,19.04,6.42
1966,468,126,88,19.04,6.42
1957,468,126,88,19.04,6.42
1947,468,126,88,19.04,6.42
1938,468,126,88,19.04,6.42
1929,468,126,88,19.04,6.42
1918,468,126,88,19.04,6.42
1909,468,126,88,19.04,6.42
1900,468,126,88,19.04,6.42
1890,468,126,88,19.04,6.42
1881,468,126,88,19.04,6.42
1872,468,126,88,19.04,6.42
1863,468,126,88,19.04,6.42
1855,468,126,88,19.04,6.42
1848,468,126,88,19.04,6.42
1840,468,126,88,19.04,6.42
1833,468,126,88,19.04,6.42
1826,468,126,88,19.04,6.42
1820,468,126,88,19.04,6.42
1815,468,126,88,19.04,6.42
1809,468,126,88,19.04,6.42
1804,468,126,88,19.04,6.42
1799,468,126,88,19.04,6.42
1795,468,126,88,19.04,6.42
1791,468,126,88,19.04,6.42
1787,468,126,88,19.04,6.42
1783,468,126,88,19.04,6.42
1780,468,126,88,19.04,6.42
1776,468,126,88,19.04,6.42
1774,468,126,88,19.04,6.42
1770,468,126,88,19.04,6.42
1766,468,126,88,19.04,6.42
1762,468,126,88,19.04,6.42
1760,468,126,88,19.04,6.42
1756,468,126,88,19.04,6.42
1752,468,126,88,19.04,6.42
1750,468,126,88,19.04,6.42
1746,468,126,88,19.04,6.42
1743,468,126,88,19.04,6.42
1741,468,126,88,19.04,6.42
1739,468,126,88,19.04,6.42
1736,468,126,88,19.04,6.42
1734,468,126,88,19.04,6.42
1732,468,126,88,19.04,6.42
1728,468,126,88,19.04,6.42
1727,468,126,88,19.04,6.42
1724,468,126,88,19.04,6.42
1721,468,126,88,19.04,6.42
1718,468,126,88,19.04,6.42
1716,468,126,88,19.04,6.42
1712,468,126,88,19.04,6.42
1710,468,126,88,19.04,6.42
1707,468,126,88,19.04,6.42
1705,468,126,88,19.04,6.42
1701,468,126,88,19.04,6.42
1698,468,126,88,19.04,6.42
1695,468,126,88,19.04,6.42
1692,468,126,88,19.04,6.42
1691,468,126,88,19.04,6.42
1688,468,126,88,19.04,6.42
1685,468,126,88,19.04,6.42
1682,468,126,88,19.04,6.42
1681,468,126,88,19.04,6.42
1677,468,126,88,19.04,6.42
1674,468,126,88,19.04,6.42
1672,468,126,88,19.04,6.42
1670,468,126,88,19.04,6.42
1667,468,126,88,19.04,6.42
1666,468,126,88,19.04,6.42
1662,468,126,88,19.04,6.42
1660,468,126,88,19.04,6.42
1658,468,126,88,19.04,6.42
1656,468,126,88,19.04,6.42
1653,468,126,88,19.04,6.42
1650,468,126,88,19.04,6.42
1649,468,126,88,19.04,6.42
1646,468,126,88,19.04,6.42
1644,468,126,88,19.04,6.42
1641,468,126,88,19.04,6.42
1639,468,126,88,19.04,6.42
1637,468,126,88,19.04,6.42
1634,468,126,88,19.04,6.42
1631,468,126,88,19.04,6.42
1628,468,126,88,19.04,6.42
1626,468,126,88,19.04,6.42
1623,468,126,88,19.04,6.42
1620,468,126,88,19.04,6.42
1619,468,126,88,19.04,6.42
1616,468,126,88,19.04,6.42
1615,468,126,88,19.04,6.42
1613,468,126,88,19.04,6.42
1612,468,126,88,19.04,6.42
1610,468,126,88,19.04,6.42
1610,468,126,88,19.04,6.42
1609,468,126,88,19.04,6.42
1609,468,126,88,19.04,6.42
1608,468,126,88,19.04,6.42
1606,468,126,88,19.04,6.42
1605,468,126,88,19.04,6.42
1603,468,126,88,19.04,6.42
1601,468,126,88,19.04,6.42
1599,468,126,88,19.04,6.42
1597,468,126,88,19.04,6.42
1595,468,126,88,19.04,6.42
1592,468,126,88,19.04,6.42
1589,468,126,88,19.04,6.42
1586,468,126,88,19.04,6.42
1584,468,126,88,19.04,6.42
1581,468,126,88,19.04,6.42
1579,468,126,88,19.04,6.42
1575,468,126,88,19.04,6.42
1574,468,126,88,19.04,6.42
1571,468,126,88,19.04,6.42
1568,468,126,88,19.04,6.42
1566,468,126,88,19.04,6.42
1564,468,126,88,19.04,6.42
1562,468,126,88,19.04,6.42
1561,468,126,88,19.04,6.42
1561,468,126,88,19.04,6.42
1562,468,126,88,19.04,6.42
1565,468,126,88,19.04,6.42
1570,468,126,88,19.04,6.42
1578,468,126,88,19.04,6.42
1588,468,126,88,19.04,6.42
1602,468,126,88,19.04,6.42
1620,468,126,88,19.04,6.42
1641,468,126,88,19.04,6.42
1667,468,126,88,19.04,6.42
1697,468,126,88,19.04,6.42
1730,468,126,88,19.04,6.42
1767,468,126,88,19.04,6.42
1808,468,126,88,19.04,6.42
1851,468,126,88,19.04,6.42
1898,468,126,88,19.04,6.42
1947,468,126,88,19.04,6.42
1996,468,126,88,19.04,6.42
2049,468,126,88,19.04,6.42
2100,468,126,88,19.04,6.42
2152,468,126,88,19.04,6.42
2203,468,126,88,19.04,6.42
2251,468,126,88,19.04,6.42
2299,468,126,88,19.04,6.42
2343,468,126,88,19.04,6.42
2385,468,126,88,19.04,6.42
2423,910,126,88,19.04,6.42
2458,910,126,88,19.04,6.42
2504,910,126,88,19.04,6.42
2535,910,126,88,19.04,6.42
2556,910,65,88,19.04,6.42
2573,910,65,88,19.04,6.42
2587,910,65,88,19.04,6.42
2597,910,65,29,19.04,6.42
2604,910,65,29,19.04,6.42
2608,910,65,29,19.04,6.42
2609,910,65,29,19.04,6.42
2607,910,65,29,19.04,6.42
2604,910,65,29,19.04,6.42
2595,910,65,29,19.04,6.42
2588,910,65,29,19.04,6.42
2576,910,65,29,19.04,6.42
2564,910,65,29,19.04,6.42
2551,910,65,29,19.04,6.42
2538,910,65,29,19.04,6.42
2525,910,65,29,19.04,6.42
2512,910,65,29,19.04,6.42
2497,910,65,29,19.04,6.42
2485,910,65,29,19.04,6.42
2472,910,65,29,19.04,6.42
2460,910,65,29,19.04,6.42
2448,910,65,29,19.04,6.42
2437,910,65,29,19.04,6.42
2427,910,65,29,19.04,6.42
2417,910,65,29,19.04,6.42
2408,910,65,29,19.04,6.42
2400,910,65,29,19.04,6.42
2392,910,65,29,19.04,6.42
2385,910,65,29,19.04,6.42
2377,910,65,29,19.04,6.42
2369,910,65,29,19.04,6.42
2362,910,65,29,19.04,6.42
2353,910,65,29,19.04,6.42
2344,910,65,29,19.04,6.42
2336,910,65,29,3.68,6.42
2327,910,65,29,3.68,6.42
2316,910,65,29,3.68,6.42
2304,910,65,29,3.68,3.68
2291,910,65,29,3.68,3.68
2278,910,65,29,3.68,3.68
2265,910,65,29,3.68,3.68
2250,910,65,29,3.68,3.68
2234,910,65,29,3.68,3.68
2220,910,65,29,3.68,3.68
2205,910,65,29,3.68,3.68
2189,910,65,29,3.68,3.68
2174,910,65,29,3.68,3.68
2160,910,65,29,3.68,3.68
2146,910,65,29,3.68,3.68
2133,910,65,29,3.68,3.68
2120,910,65,29,3.68,3.68
2108,910,65,29,3.68,3.68
2098,910,65,29,3.68,3.68
2090,910,65,29,3.68,3.68
2082,910,65,29,3.68,3.68
2075,910,65,29,3.68,3.68
2070,910,65,29,3.68,3.68
2065,910,65,29,3.68,3.68
2061,910,65,29,3.68,3.68
2058,910,65,29,3.68,3.68
2056,910,65,29,3.68,3.68
2057,910,65,29,3.68,3.68
2056,910,65,29,3.68,3.68
2057,910,65,29,3.68,3.68
2057,910,65,29,3.68,3.68
2058,910,65,29,3.68,3.68
2060,910,65,29,3.68,3.68
2061,910,65,29,3.68,3.68
2061,910,65,29,3.68,3.68
2063,910,65,29,3.68,3.68
2063,910,65,29,3.68,3.68
2064,910,65,29,3.68,3.68
2063,910,65,29,3.68,3.68
2062,910,65,29,3.68,3.68
2061,910,65,29,3.68,3.68
2060,910,65,29,3.68,3.68
2057,910,65,29,3.68,3.68
2053,910,65,29,3.68,3.68
2049,910,65,29,3.68,3.68
2044,910,65,29,3.68,3.68
2039,910,65,29,3.68,3.68
2034,910,65,29,3.68,3.68
2028,910,65,29,3.68,3.68
2022,910,65,29,3.68,3.68
2014,910,65,29,3.68,3.68
2007,910,65,29,3.68,3.68
1998,910,65,29,3.68,3.68
1989,910,65,29,3.68,3.68
1980,910,65,29,3.68,3.68
1970,910,65,29,3.68,3.68
1962,910,65,29,3.68,3.68
1951,910,65,29,3.68,3.68
1941,910,65,29,3.68,3.68
1932,910,65,29,3.68,3.68
1922,910,65,29,3.68,3.68
1912,910,65,29,3.68,3.68
1903,910,65,29,3.68,3.68
1895,910,65,29,3.68,3.68
1885,910,65,29,3.68,3.68
1877,910,65,29,3.68,3.68
1869,910,65,29,3.68,3.68
1861,910,65,29,3.68,3.68
1853,910,65,29,3.68,3.68
1846,910,65,29,3.68,3.68
1839,910,65,29,3.68,3.68
1832,910,65,29,3.68,3.68
1827,910,65,29,3.68,3.68
1821,910,65,29,3.68,3.68
1817,910,65,29,3.68,3.68
1813,910,65,29,3.68,3.68
1809,910,65,29,3.68,3.68
1805,910,65,29,3.68,3.68
1801,910,65,29,3.68,3.68
1797,910,65,29,3.68,3.68
1794,910,65,29,3.68,3.68
1791,910,65,29,3.68,3.68
1788,910,65,29,3.68,3.68
1785,910,65,29,3.68,3.68
1782,910,65,29,3.68,3.68
1780,910,65,29,3.68,3.68
1777,910,65,29,3.68,3.68
1774,910,65,29,3.68,3.68
1772,910,65,29,3.68,3.68
1770,910,65,29,3.68,3.68
1768,910,65,29,3.68,3.68
1766,910,65,29,3.68,3.68
1764,910,65,29,3.68,3.68
1762,910,65,29,3.68,3.68
1760,910,65,29,3.68,3.68
1757,910,65,29,3.68,3.68
1756,910,65,29,3.68,3.68
1753,910,65,29,3.68,3.68
1751,910,65,29,3.68,3.68
1748,910,65,29,3.68,3.68
1746,910,65,29,3.68,3.68
1744,910,65,29,3.68,3.68
1743,910,65,29,3.68,3.68
1740,910,65,29,3.68,3.68
1738,910,65,29,3.68,3.68
1735,910,65,29,3.68,3.68
1733,910,65,29,3.68,3.68
1731,910,65,29,3.68,3.68
1729,910,65,29,3.68,3.68
1726,910,65,29,3.68,3.68
1724,910,65,29,3.68,3.68
1722,910,65,29,3.68,3.68
1720,910,65,29,3.68,3.68
1718,910,65,29,3.68,3.68
1715,910,65,29,3.68,3.68
1713,910,65,29,3.68,3.68
1711,910,65,29,3.68,3.68
1709,910,65,29,3.68,3.68
1707,910,65,29,3.68,3.68
1705,910,65,29,3.68,3.68
1703,910,65,29,3.68,3.68
1701,910,65,29,3.68,3.68
1698,910,65,29,3.68,3.68
1695,910,65,29,3.68,3.68
1694,910,65,29,3.68,3.68
1692,910,65,29,3.68,3.68
1689,910,65,29,3.68,3.68
1686,910,65,29,3.68,3.68
1685,910,65,29,3.68,3.68
1682,910,65,29,3.68,3.68
1680,910,65,29,3.68,3.68
1678,910,65,29,3.68,3.68
1676,910,65,29,3.68,3.68
1675,910,65,29,3.68,3.68
1672,910,65,29,3.68,3.68
1671,910,65,29,3.68,3.68
1669,910,65,29,3.68,3.68
1668,910,65,29,3.68,3.68
1665,910,65,29,3.68,3.68
1663,910,65,29,3.68,3.68
1661,910,65,29,3.68,3.68
1659,910,65,29,3.68,3.68
1657,910,65,29,3.68,3.68
1655,910,65,29,3.68,3.68
1652,910,65,29,3.68,3.68
1649,910,65,29,3.68,3.68
1647,910,65,29,3.68,3.68
1644,910,65,29,3.68,3.68
1641,910,65,29,3.68,3.68
1638,910,65,29,3.68,3.68
1636,910,65,29,3.68,3.68
1633,910,65,29,3.68,3.68
1629,910,65,29,3.68,3.68
1628,910,65,29,3.68,3.68
1627,910,65,29,3.68,3.68
1625,910,65,29,3.68,3.68
1623,910,65,29,3.68,3.68
1624,910,65,29,3.68,3.68
1624,910,65,29,3.68,3.68
1622,910,65,29,3.68,3.68
1624,910,65,29,3.68,3.68
1627,910,65,29,3.68,3.68
1630,910,65,29,3.68,3.68
1636,910,65,29,3.68,3.68
1645,910,65,29,3.68,3.68
1657,910,65,29,3.68,3.68
1671,910,65,29,3.68,3.68
1689,910,65,29,3.68,3.68
1711,910,65,29,3.68,3.68
1736,910,65,29,3.68,3.68
1765,910,65,29,3.68,3.68
1798,910,65,29,3.68,3.68
1834,910,65,29,3.68,3.68
1872,910,65,29,3.68,3.68
1915,910,65,29,3.68,3.68
1958,910,65,29,3.68,3.68
2003,910,65,29,3.68,3.68
2050,910,65,29,3.68,3.68
2098,910,65,29,3.68,3.68
2145,910,65,29,3.68,3.68
2193,910,65,29,3.68,3.68
2238,910,65,29,3.68,3.68
2283,910,65,29,3.68,3.68
2326,910,65,29,3.68,3.68
2366,910,65,29,3.68,3.68
2404,910,65,29,3.68,3.68
2439,866,65,29,3.68,3.68
2471,866,65,29,3.68,3.68
2513,866,65,29,3.68,3.68
2541,866,65,29,3.68,3.68
2560,866,68,29,3.68,3.68
2575,866,68,29,3.68,3.68
2586,866,68,29,3.68,3.68
2594,866,68,36,3.68,3.68
2599,866,68,36,3.68,3.68
2601,866,68,36,3.68,3.68
2600,866,68,36,3.68,3.68
2596,866,68,36,3.68,3.68
2589,866,68,36,3.68,3.68
2580,866,68,36,3.68,3.68
2569,866,68,36,3.68,3.68
2556,866,68,36,3.68,3.68
2542,866,68,36,3.68,3.68
2527,866,68,36,3.68,3.68
2512,866,68,36,3.68,3.68
2496,866,68,36,3.68,3.68
2479,866,68,36,3.68,3.68
2463,866,68,36,3.68,3.68
2447,866,68,36,3.68,3.68
2431,866,68,36,3.68,3.68
2415,866,68,36,3.68,3.68
2401,866,68,36,3.68,3.68
2387,866,68,36,3.68,3.68
2372,866,68,36,3.68,3.68
2358,866,68,36,3.68,3.68
2346,866,68,36,3.68,3.68
2333,866,68,36,3.68,3.68
2321,866,68,36,3.68,3.68
2308,866,68,36,3.68,3.68
2297,866,68,36,3.68,3.68
2283,866,68,36,3.68,3.68
2272,866,68,36,3.68,3.68
2259,866,68,36,3.68,3.68
2245,866,68,36,3.68,3.68
2231,866,68,36,3.68,3.68
2218,866,68,36,3.68,3.68
2204,866,68,36,3.68,3.68
2189,866,68,36,3.68,3.68
2176,866,68,36,3.68,3.68
2161,866,68,36,3.68,3.68
2147,866,68,36,3.68,3.68
2133,866,68,36,3.68,3.68
2121,866,68,36,3.68,3.68
2106,866,68,36,3.68,3.68
2094,866,68,36,3.68,3.68
2083,866,68,36,3.68,3.68
2074,866,68,36,3.68,3.68
2065,866,68,36,3.68,3.68
2058,866,68,36,3.68,3.68
2051,866,68,36,3.68,3.68
2045,866,68,36,3.68,3.68
2041,866,68,36,3.68,3.68
2039,866,68,36,3.68,3.68
2037,866,68,36,3.68,3.68
2035,866,68,36,3.68,3.68
2035,866,68,36,3.68,3.68
2037,866,68,36,3.68,3.68
2039,866,68,36,3.68,3.68
2041,866,68,36,3.68,3.68
2045,866,68,36,3.68,3.68
2048,866,68,36,3.68,3.68
2052,866,68,36,3.68,3.68
2055,866,68,36,3.68,3.68
2057,866,68,36,3.68,3.68
2060,866,68,36,3.68,3.68
2063,866,68,36,3.68,3.68
2064,866,68,36,3.36,3.68
2066,866,68,36,3.36,3.68
2065,866,68,36,3.36,3.68
2066,866,68,36,3.36,3.52
2066,866,68,36,3.36,3.52
2063,866,68,36,3.36,3.52
2061,866,68,36,3.36,3.52
2059,866,68,36,3.36,3.52
2056,866,68,36,3.36,3.52
2051,866,68,36,3.36,3.52
2046,866,68,36,3.36,3.52
2040,866,68,36,3.36,3.52
2034,866,68,36,3.36,3.52
2027,866,68,36,3.36,3.52
2020,866,68,36,3.36,3.52
2014,866,68,36,3.36,3.52
2006,866,68,36,3.36,3.52
1997,866,68,36,3.36,3.52
1990,866,68,36,3.36,3.52
1980,866,68,36,3.36,3.52
1972,866,68,36,3.36,3.52
1962,866,68,36,3.36,3.52
1952,866,68,36,3.36,3.52
1944,866,68,36,3.36,3.52
1934,866,68,36,3.36,3.52
1925,866,68,36,3.36,3.52
1915,866,68,36,3.36,3.52
1906,866,68,36,3.36,3.52
1896,866,68,36,3.36,3.52
1887,866,68,36,3.36,3.52
1878,866,68,36,3.36,3.52
1870,866,68,36,3.36,3.52
1862,866,68,36,3.36,3.52
1854,866,68,36,3.36,3.52
1847,866,68,36,3.36,3.52
1839,866,68,36,3.36,3.52
1833,866,68,36,3.36,3.52
1826,866,68,36,3.36,3.52
1819,866,68,36,3.36,3.52
1813,866,68,36,3.36,3.52
1807,866,68,36,3.36,3.52
1801,866,68,36,3.36,3.52
1796,866,68,36,3.36,3.52
1791,866,68,36,3.36,3.52
1787,866,68,36,3.36,3.52
1782,866,68,36,3.36,3.52
1779,866,68,36,3.36,3.52
1774,866,68,36,3.36,3.52
1771,866,68,36,3.36,3.52
1768,866,68,36,3.36,3.52
1764,866,68,36,3.36,3.52
1761,866,68,36,3.36,3.52
1759,866,68,36,3.36,3.52
1756,866,68,36,3.36,3.52
1755,866,68,36,3.36,3.52
1752,866,68,36,3.36,3.52
1751,866,68,36,3.36,3.52
1750,866,68,36,3.36,3.52
1748,866,68,36,3.36,3.52
1746,866,68,36,3.36,3.52
1746,866,68,36,3.36,3.52
1744,866,68,36,3.36,3.52
1743,866,68,36,3.36,3.52
1740,866,68,36,3.36,3.52
1739,866,68,36,3.36,3.52
1738,866,68,36,3.36,3.52
1735,866,68,36,3.36,3.52
1734,866,68,36,3.36,3.52
1732,866,68,36,3.36,3.52
1732,866,68,36,3.36,3.52
1730,866,68,36,3.36,3.52
1728,866,68,36,3.36,3.52
1727,866,68,36,3.36,3.52
1725,866,68,36,3.36,3.52
1723,866,68,36,3.36,3.52
1720,866,68,36,3.36,3.52
1718,866,68,36,3.36,3.52
1716,866,68,36,3.36,3.52
1714,866,68,36,3.36,3.52
1712,866,68,36,3.36,3.52
1710,866,68,36,3.36,3.52
1709,866,68,36,3.36,3.52
1708,866,68,36,3.36,3.52
1707,866,68,36,3.36,3.52
1706,866,68,36,3.36,3.52
1704,866,68,36,3.36,3.52
1703,866,68,36,3.36,3.52
1702,866,68,36,3.36,3.52
1699,866,68,36,3.36,3.52
1697,866,68,36,3.36,3.52
1695,866,68,36,3.36,3.52
1693,866,68,36,3.36,3.52
1691,866,68,36,3.36,3.52
1688,866,68,36,3.36,3.52
1685,866,68,36,3.36,3.52
1682,866,68,36,3.36,3.52
1679,866,68,36,3.36,3.52
1675,866,68,36,3.36,3.52
1671,866,68,36,3.36,3.52
1668,866,68,36,3.36,3.52
1665,866,68,36,3.36,3.52
1662,866,68,36,3.36,3.52
1659,866,68,36,3.36,3.52
1657,866,68,36,3.36,3.52
1655,866,68,36,3.36,3.52
1654,866,68,36,3.36,3.52
1654,866,68,36,3.36,3.52
1654,866,68,36,3.36,3.52
1654,866,68,36,3.36,3.52
1656,866,68,36,3.36,3.52
1661,866,68,36,3.36,3.52
1667,866,68,36,3.36,3.52
1675,866,68,36,3.36,3.52
1686,866,68,36,3.36,3.52
1700,866,68,36,3.36,3.52
1719,866,68,36,3.36,3.52
1741,866,68,36,3.36,3.52
1767,866,68,36,3.36,3.52
1797,866,68,36,3.36,3.52
1832,866,68,36,3.36,3.52
1869,866,68,36,3.36,3.52
1912,866,68,36,3.36,3.52
1957,866,68,36,3.36,3.52
2006,866,68,36,3.36,3.52
2056,866,68,36,3.36,3.52
2108,866,68,36,3.36,3.52
2162,866,68,36,3.36,3.52
2215,866,68,36,3.36,3.52
2269,866,68,36,3.36,3.52
2322,866,68,36,3.36,3.52
2373,866,68,36,3.36,3.52
2423,866,68,36,3.36,3.52
2471,866,68,36,3.36,3.52
2515,866,68,36,3.36,3.52
2555,793,68,36,3.36,3.52
2594,793,68,36,3.36,3.52
2642,793,68,36,3.36,3.52
2675,793,68,36,3.36,3.52
2696,793,68,36,3.36,3.52
2713,793,68,36,3.36,3.52
2727,793,68,36,3.36,3.52
2736,793,68,36,3.36,3.52
2742,793,68,36,3.36,3.52
2745,793,68,36,3.36,3.52
2744,793,68,36,3.36,3.52
2740,793,68,36,3.36,3.52
2734,793,68,36,3.36,3.52
2726,793,68,36,3.36,3.52
2716,793,68,36,3.36,3.52
2704,793,68,36,3.36,3.52
2690,793,68,36,3.36,3.52
2676,793,68,36,3.36,3.52
2661,793,68,36,3.36,3.52
2646,793,68,36,3.36,3.52
2629,793,68,36,3.36,3.52
2613,793,68,36,3.36,3.52
2598,793,68,36,3.36,3.52
2582,793,68,36,3.36,3.52
2568,793,75,36,3.36,3.52
2553,793,75,36,3.36,3.52
2539,793,75,36,3.36,3.52
2526,793,75,41,3.36,3.52
2513,793,75,41,3.36,3.52
2501,793,75,41,3.36,3.52
2490,793,75,41,3.36,3.52
2480,793,75,41,3.36,3.52
2470,793,75,41,3.36,3.52
2461,793,75,41,3.36,3.52
2451,793,75,41,3.36,3.52
2442,793,75,41,3.36,3.52
2433,793,75,41,3.36,3.52
2424,793,75,41,3.36,3.52
2414,793,75,41,3.36,3.52
2404,793,75,41,3.36,3.52
2392,793,75,41,3.36,3.52
2381,793,75,41,3.36,3.52
2369,793,75,41,3.36,3.52
2355,793,75,41,3.36,3.52
2340,793,75,41,3.36,3.52
2325,793,75,41,3.36,3.52
2310,793,75,41,3.36,3.52
2294,793,75,41,3.36,3.52
2278,793,75,41,3.36,3.52
2263,793,75,41,3.36,3.52
2247,793,75,41,3.36,3.52
2232,793,75,41,3.36,3.52
2218,793,75,41,3.36,3.52
2205,793,75,41,3.36,3.52
2192,793,75,41,3.36,3.52
2181,793,75,41,3.36,3.52
2170,793,75,41,3.36,3.52
2161,793,75,41,3.36,3.52
2153,793,75,41,3.36,3.52
2146,793,75,41,3.36,3.52
2141,793,75,41,3.36,3.52
2136,793,75,41,3.36,3.52
2131,793,75,41,3.36,3.52
2130,793,75,41,3.36,3.52
2128,793,75,41,3.36,3.52
2127,793,75,41,3.36,3.52
2127,793,75,41,3.36,3.52
2126,793,75,41,3.36,3.52
2126,793,75,41,3.36,3.52
2127,793,75,41,3.36,3.52
2126,793,75,41,3.36,3.52
2127,793,75,41,3.36,3.52
2127,793,75,41,3.36,3.52
2127,793,75,41,3.36,3.52
2126,793,75,41,3.36,3.52
2127,793,75,41,3.36,3.52
2126,793,75,41,3.36,3.52
2125,793,75,41,3.36,3.52
2122,793,75,41,3.36,3.52
2120,793,75,41,3.36,3.52
2117,793,75,41,3.36,3.52
2113,793,75,41,3.36,3.52
2110,793,75,41,3.36,3.52
2105,793,75,41,3.36,3.52
2099,793,75,41,3.36,3.52
2092,793,75,41,3.36,3.52
2086,793,75,41,3.36,3.52
2078,793,75,41,3.36,3.52
2071,793,75,41,3.36,3.52
2063,793,75,41,3.36,3.52
2054,793,75,41,3.36,3.52
2045,793,75,41,3.36,3.52
2035,793,75,41,3.36,3.52
2026,793,75,41,3.36,3.52
2015,793,75,41,3.36,3.52
2005,793,75,41,3.36,3.52
1994,793,75,41,3.36,3.52
1983,793,75,41,3.36,3.52
1972,793,75,41,3.36,3.52
1960,793,75,41,3.36,3.52
1949,793,75,41,3.36,3.52
1939,793,75,41,3.36,3.52
1928,793,75,41,3.36,3.52
1917,793,75,41,3.36,3.52
1907,793,75,41,3.36,3.52
1897,793,75,41,3.36,3.52
1887,793,75,41,3.36,3.52
1878,793,75,41,3.36,3.52
1869,793,75,41,3.36,3.52
1861,793,75,41,3.36,3.52
1853,793,75,41,3.36,3.52
1845,793,75,41,3.36,3.52
1838,793,75,41,3.36,3.52
1831,793,75,41,3.36,3.52
1826,793,75,41,3.36,3.52
1819,793,75,41,3.36,3.52
1814,793,75,41,3.36,3.52
1810,793,75,41,3.36,3.52
1805,793,75,41,3.36,3.52
1802,793,75,41,3.36,3.52
1797,793,75,41,3.36,3.52
1793,793,75,41,3.36,3.52
1790,793,75,41,3.73,3.52
1786,793,75,41,3.73,3.52
1782,793,75,41,3.73,3.52
1779,793,75,41,3.73,3.59
1775,793,75,41,3.73,3.59
1773,793,75,41,3.73,3.59
1769,793,75,41,3.73,3.59
1767,793,75,41,3.73,3.59
1762,793,75,41,3.73,3.59
1759,793,75,41,3.73,3.59
1756,793,75,41,3.73,3.59
1751,793,75,41,3.73,3.59
1748,793,75,41,3.73,3.59
1746,793,75,41,3.73,3.59
1743,793,75,41,3.73,3.59
1741,793,75,41,3.73,3.59
1738,793,75,41,3.73,3.59
1736,793,75,41,3.73,3.59
1734,793,75,41,3.73,3.59
1733,793,75,41,3.73,3.59
1731,793,75,41,3.73,3.59
1730,793,75,41,3.73,3.59
1728,793,75,41,3.73,3.59
1726,793,75,41,3.73,3.59
1723,793,75,41,3.73,3.59
1721,793,75,41,3.73,3.59
1718,793,75,41,3.73,3.59
1717,793,75,41,3.73,3.59
1715,793,75,41,3.73,3.59
1712,793,75,41,3.73,3.59
1710,793,75,41,3.73,3.59
1707,793,75,41,3.73,3.59
1704,793,75,41,3.73,3.59
1702,793,75,41,3.73,3.59
1698,793,75,41,3.73,3.59
1695,793,75,41,3.73,3.59
1690,793,75,41,3.73,3.59
1687,793,75,41,3.73,3.59
1683,793,75,41,3.73,3.59
1679,793,75,41,3.73,3.59
1675,793,75,41,3.73,3.59
1671,793,75,41,3.73,3.59
1667,793,75,41,3.73,3.59
1664,793,75,41,3.73,3.59
1659,793,75,41,3.73,3.59
1656,793,75,41,3.73,3.59
1652,793,75,41,3.73,3.59
1650,793,75,41,3.73,3.59
1647,793,75,41,3.73,3.59
1646,793,75,41,3.73,3.59
1645,793,75,41,3.73,3.59
1644,793,75,41,3.73,3.59
1646,793,75,41,3.73,3.59
1649,793,75,41,3.73,3.59
1654,793,75,41,3.73,3.59
1662,793,75,41,3.73,3.59
1674,793,75,41,3.73,3.59
1688,793,75,41,3.73,3.59
1705,793,75,41,3.73,3.59
1727,793,75,41,3.73,3.59
1753,793,75,41,3.73,3.59
1783,793,75,41,3.73,3.59
1815,793,75,41,3.73,3.59
1853,793,75,41,3.73,3.59
1893,793,75,41,3.73,3.59
1938,793,75,41,3.73,3.59
1984,793,75,41,3.73,3.59
2034,793,75,41,3.73,3.59
2086,793,75,41,3.73,3.59
2139,793,75,41,3.73,3.59
2193,793,75,41,3.73,3.59
2247,793,75,41,3.73,3.59
2300,793,75,41,3.73,3.59
2352,793,75,41,3.73,3.59
2401,793,75,41,3.73,3.59
2449,793,75,41,3.73,3.59
2492,793,75,41,3.73,3.59
2534,771,75,41,3.73,3.59
2571,771,75,41,3.73,3.59
2620,771,75,41,3.73,3.59
2653,771,75,41,3.73,3.59
2676,771,75,41,3.73,3.59
2692,771,75,41,3.73,3.59
2706,771,75,41,3.73,3.59
2716,771,75,41,3.73,3.59
2721,771,75,41,3.73,3.59
2724,771,75,41,3.73,3.59
2723,771,75,41,3.73,3.59
2718,771,75,41,3.73,3.59
2711,771,75,41,3.73,3.59
2703,771,75,41,3.73,3.59
2691,771,75,41,3.73,3.59
2679,771,75,41,3.73,3.59
2666,771,75,41,3.73,3.59
2650,771,77,41,3.73,3.59
2635,771,77,41,3.73,3.59
2618,771,77,41,3.73,3.59
2602,771,77,46,3.73,3.59
2585,771,77,46,3.73,3.59
2569,771,77,46,3.73,3.59
2553,771,77,46,3.73,3.59
2538,771,77,46,3.73,3.59
2524,771,77,46,3.73,3.59
2511,771,77,46,3.73,3.59
2498,771,77,46,3.73,3.59
2484,771,77,46,3.73,3.59
2473,771,77,46,3.73,3.59
2462,771,77,46,3.73,3.59
2451,771,77,46,3.73,3.59
2442,771,77,46,3.73,3.59
2432,771,77,46,3.73,3.59
2421,771,77,46,3.73,3.59
2410,771,77,46,3.73,3.59
2400,771,77,46,3.73,3.59
2389,771,77,46,3.73,3.59
2378,771,77,46,3.73,3.59
2366,771,77,46,3.73,3.59
2354,771,77,46,3.73,3.59
2341,771,77,46,3.73,3.59
2326,771,77,46,3.73,3.59
2312,771,77,46,3.73,3.59
2296,771,77,46,3.73,3.59
2280,771,77,46,3.73,3.59
2264,771,77,46,3.73,3.59
2247,771,77,46,3.73,3.59
2226,771,77,46,3.73,3.59
2209,771,77,46,3.73,3.59
2192,771,77,46,3.73,3.59
2175,771,77,46,3.73,3.59
2160,771,77,46,3.73,3.59
2145,771,77,46,3.73,3.59
2131,771,77,46,3.73,3.59
2119,771,77,46,3.73,3.59
2108,771,77,46,3.73,3.59
2098,771,77,46,3.73,3.59
2089,771,77,46,3.73,3.59
2080,771,77,46,3.73,3.59
2074,771,77,46,3.73,3.59
2068,771,77,46,3.73,3.59
2064,771,77,46,3.73,3.59
2061,771,77,46,3.73,3.59
2059,771,77,46,3.73,3.59
2059,771,77,46,3.73,3.59
2059,771,77,46,3.73,3.59
2059,771,77,46,3.73,3.59
2061,771,77,46,3.73,3.59
2062,771,77,46,3.73,3.59
2063,771,77,46,3.73,3.59
2065,771,77,46,3.73,3.59
2066,771,77,46,3.73,3.59
2067,771,77,46,3.73,3.59
2068,771,77,46,3.73,3.59
2068,771,77,46,3.73,3.59
2069,771,77,46,3.73,3.59
2069,771,77,46,3.73,3.59
2067,771,77,46,3.73,3.59
2065,771,77,46,3.73,3.59
2063,771,77,46,3.73,3.59
2059,771,77,46,3.73,3.59
2055,771,77,46,3.73,3.59
2050,771,77,46,3.73,3.59
2045,771,77,46,3.73,3.59
2037,771,77,46,3.73,3.59
2030,771,77,46,3.73,3.59
2022,771,77,46,3.73,3.59
2013,771,77,46,3.73,3.59
2005,771,77,46,3.73,3.59
1995,771,77,46,3.73,3.59
1985,771,77,46,3.73,3.59
1976,771,77,46,3.73,3.59
1965,771,77,46,3.73,3.59
1955,771,77,46,3.73,3.59
1945,771,77,46,3.73,3.59
1937,771,77,46,3.73,3.59
1927,771,77,46,3.73,3.59
1918,771,77,46,3.73,3.59
1909,771,77,46,3.73,3.59
1899,771,77,46,3.73,3.59
1891,771,77,46,3.73,3.59
1882,771,77,46,3.73,3.59
1872,771,77,46,3.73,3.59
1864,771,77,46,3.73,3.59
1855,771,77,46,3.73,3.59
1847,771,77,46,3.73,3.59
1839,771,77,46,3.73,3.59
1833,771,77,46,3.73,3.59
1825,771,77,46,3.73,3.59
1819,771,77,46,3.73,3.59
1813,771,77,46,3.73,3.59
1807,771,77,46,3.73,3.59
1802,771,77,46,3.73,3.59
1797,771,77,46,3.73,3.59
1792,771,77,46,3.73,3.59
1788,771,77,46,3.73,3.59
1785,771,77,46,3.73,3.59
1780,771,77,46,3.73,3.59
1776,771,77,46,3.73,3.59
1773,771,77,46,3.73,3.59
1769,771,77,46,3.73,3.59
1765,771,77,46,3.73,3.59
1762,771,77,46,3.73,3.59
1758,771,77,46,3.73,3.59
1755,771,77,46,3.73,3.59
1752,771,77,46,3.73,3.59
1749,771,77,46,3.73,3.59
1746,771,77,46,3.73,3.59
1744,771,77,46,3.73,3.59
1740,771,77,46,3.73,3.59
1739,771,77,46,3.73,3.59
1737,771,77,46,3.73,3.59
1735,771,77,46,3.73,3.59
1732,771,77,46,3.73,3.59
1731,771,77,46,3.73,3.59
1730,771,77,46,3.73,3.59
1727,771,77,46,3.73,3.59
1725,771,77,46,3.73,3.59
1724,771,77,46,3.73,3.59
1721,771,77,46,3.73,3.59
1720,771,77,46,3.73,3.59
1718,771,77,46,3.73,3.59
1715,771,77,46,3.73,3.59
1713,771,77,46,3.73,3.59
1711,771,77,46,3.73,3.59
1708,771,77,46,3.73,3.59
1706,771,77,46,3.73,3.59
1704,771,77,46,3.73,3.59
1700,771,77,46,3.73,3.59
1697,771,77,46,3.73,3.59
1693,771,77,46,3.73,3.59
1690,771,77,46,3.73,3.59
1686,771,77,46,3.73,3.59
1682,771,77,46,3.73,3.59
1678,771,77,46,3.73,3.59
1673,771,77,46,3.73,3.59
1669,771,77,46,3.73,3.59
1664,771,77,46,3.73,3.59
1661,771,77,46,3.73,3.59
1657,771,77,46,3.73,3.59
1654,771,77,46,3.73,3.59
1652,771,77,46,3.73,3.59
1651,771,77,46,3.73,3.59
1650,771,77,46,3.73,3.59
1650,771,77,46,3.73,3.59
1651,771,77,46,3.73,3.59
1653,771,77,46,3.73,3.59
1658,771,77,46,3.73,3.59
1665,771,77,46,3.73,3.59
1674,771,77,46,3.73,3.59
1688,771,77,46,3.73,3.59
1704,771,77,46,3.73,3.59
1724,771,77,46,3.73,3.59
1747,771,77,46,3.73,3.59
1775,771,77,46,3.73,3.59
1806,771,77,46,3.73,3.59
1842,771,77,46,3.73,3.59
1881,771,77,46,3.73,3.59
1923,771,77,46,3.7,3.59
1969,771,77,46,3.7,3.59
2017,771,77,46,3.7,3.59
2068,771,77,46,3.7,3.61
2119,771,77,46,3.7,3.61
2172,771,77,46,3.7,3.61
2223,771,77,46,3.7,3.61
2275,771,77,46,3.7,3.61
2326,771,77,46,3.7,3.61
2374,771,77,46,3.7,3.61
2421,771,77,46,3.7,3.61
2463,771,77,46,3.7,3.61
2505,771,77,46,3.7,3.61
2541,741,77,46,3.7,3.61
2575,741,77,46,3.7,3.61
2618,741,77,46,3.7,3.61
2648,741,77,46,3.7,3.61
2665,741,77,46,3.7,3.61
2680,741,77,46,3.7,3.61
2691,741,77,46,3.7,3.61
2697,741,77,46,3.7,3.61
2699,741,77,46,3.7,3.61
2698,741,77,46,3.7,3.61
2694,741,77,46,3.7,3.61
2687,741,77,46,3.7,3.61
2678,741,77,46,3.7,3.61
2666,741,77,46,3.7,3.61
2652,741,77,46,3.7,3.61
2638,741,77,46,3.7,3.61
2622,741,77,46,3.7,3.61
2605,741,80,46,3.7,3.61
2588,741,80,46,3.7,3.61
2569,741,80,46,3.7,3.61
2551,741,80,49,3.7,3.61
2533,741,80,49,3.7,3.61
2516,741,80,49,3.7,3.61
2498,741,80,49,3.7,3.61
2481,741,80,49,3.7,3.61
2465,741,80,49,3.7,3.61
2449,741,80,49,3.7,3.61
2433,741,80,49,3.7,3.61
2419,741,80,49,3.7,3.61
2406,741,80,49,3.7,3.61
2392,741,80,49,3.7,3.61
2379,741,80,49,3.7,3.61
2366,741,80,49,3.7,3.61
2352,741,80,49,3.7,3.61
2340,741,80,49,3.7,3.61
2327,741,80,49,3.7,3.61
2314,741,80,49,3.7,3.61
2301,741,80,49,3.7,3.61
2287,741,80,49,3.7,3.61
2272,741,80,49,3.7,3.61
2257,741,80,49,3.7,3.61
2243,741,80,49,3.7,3.61
2226,741,80,49,3.7,3.61
2211,741,80,49,3.7,3.61
2195,741,80,49,3.7,3.61
2178,741,80,49,3.7,3.61
2162,741,80,49,3.7,3.61
2147,741,80,49,3.7,3.61
2131,741,80,49,3.7,3.61
2116,741,80,49,3.7,3.61
2103,741,80,49,3.7,3.61
2089,741,80,49,3.7,3.61
2078,741,80,49,3.7,3.61
2068,741,80,49,3.7,3.61
2058,741,80,49,3.7,3.61
2051,741,80,49,3.7,3.61
2044,741,80,49,3.7,3.61
2038,741,80,49,3.7,3.61
2034,741,80,49,3.7,3.61
2031,741,80,49,3.7,3.61
2030,741,80,49,3.7,3.61
2028,741,80,49,3.7,3.61
2028,741,80,49,3.7,3.61
2028,741,80,49,3.7,3.61
2029,741,80,49,3.7,3.61
2030,741,80,49,3.7,3.61
2031,741,80,49,3.7,3.61
2033,741,80,49,3.7,3.61
2034,741,80,49,3.7,3.61
2036,741,80,49,3.7,3.61
2037,741,80,49,3.7,3.61
2039,741,80,49,3.7,3.61
2041,741,80,49,3.7,3.61
2041,741,80,49,3.7,3.61
2041,741,80,49,3.7,3.61
2040,741,80,49,3.7,3.61
2039,741,80,49,3.7,3.61
2037,741,80,49,3.7,3.61
2034,741,80,49,3.7,3.61
2031,741,80,49,3.7,3.61
2028,741,80,49,3.7,3.61
2021,741,80,49,3.7,3.61
2017,741,80,49,3.7,3.61
2011,741,80,49,3.7,3.61
2003,741,80,49,3.7,3.61
1996,741,80,49,3.7,3.61
1989,741,80,49,3.7,3.61
1981,741,80,49,3.7,3.61
1973,741,80,49,3.7,3.61
1963,741,80,49,3.7,3.61
1952,741,80,49,3.7,3.61
1943,741,80,49,3.7,3.61
1933,741,80,49,3.7,3.61
1923,741,80,49,3.7,3.61
1913,741,80,49,3.7,3.61
1902,741,80,49,3.7,3.61
1893,741,80,49,3.7,3.61
1883,741,80,49,3.7,3.61
1873,741,80,49,3.7,3.61
1864,741,80,49,3.7,3.61
1856,741,80,49,3.7,3.61
1846,741,80,49,3.7,3.61
1837,741,80,49,3.7,3.61
1829,741,80,49,3.7,3.61
1822,741,80,49,3.7,3.61
1815,741,80,49,3.7,3.61
1807,741,80,49,3.7,3.61
1801,741,80,49,3.7,3.61
1794,741,80,49,3.7,3.61
1788,741,80,49,3.7,3.61
1782,741,80,49,3.7,3.61
1777,741,80,49,3.7,3.61
1771,741,80,49,3.7,3.61
1765,741,80,49,3.7,3.61
1760,741,80,49,3.7,3.61
1755,741,80,49,3.7,3.61
1750,741,80,49,3.7,3.61
1746,741,80,49,3.7,3.61
1741,741,80,49,3.7,3.61
1737,741,80,49,3.7,3.61
1732,741,80,49,3.7,3.61
1729,741,80,49,3.7,3.61
1725,741,80,49,3.7,3.61
1722,741,80,49,3.7,3.61
1719,741,80,49,3.7,3.61
1716,741,80,49,3.7,3.61
1712,741,80,49,3.7,3.61
1710,741,80,49,3.7,3.61
1708,741,80,49,3.7,3.61
1705,741,80,49,3.7,3.61
1703,741,80,49,3.7,3.61
1702,741,80,49,3.7,3.61
1700,741,80,49,3.7,3.61
1699,741,80,49,3.7,3.61
1697,741,80,49,3.7,3.61
1696,741,80,49,3.7,3.61
1695,741,80,49,3.7,3.61
1694,741,80,49,3.7,3.61
1693,741,80,49,3.7,3.61
1692,741,80,49,3.7,3.61
1691,741,80,49,3.7,3.61
1689,741,80,49,3.7,3.61
1688,741,80,49,3.7,3.61
1686,741,80,49,3.7,3.61
1685,741,80,49,3.7,3.61
1684,741,80,49,3.7,3.61
1683,741,80,49,3.7,3.61
1682,741,80,49,3.7,3.61
1681,741,80,49,3.7,3.61
1680,741,80,49,3.7,3.61
1679,741,80,49,3.7,3.61
1677,741,80,49,3.7,3.61
1676,741,80,49,3.7,3.61
1674,741,80,49,3.7,3.61
1672,741,80,49,3.7,3.61
1670,741,80,49,3.7,3.61
1667,741,80,49,3.7,3.61
1665,741,80,49,3.7,3.61
1663,741,80,49,3.7,3.61
1662,741,80,49,3.7,3.61
1660,741,80,49,3.7,3.61
1657,741,80,49,3.7,3.61
1655,741,80,49,3.7,3.61
1654,741,80,49,3.7,3.61
1651,741,80,49,3.7,3.61
1649,741,80,49,3.7,3.61
1649,741,80,49,3.7,3.61
1647,741,80,49,3.7,3.61
1645,741,80,49,3.7,3.61
1644,741,80,49,3.7,3.61
1643,741,80,49,3.7,3.61
1641,741,80,49,3.7,3.61
1640,741,80,49,3.7,3.61
1638,741,80,49,3.7,3.61
1638,741,80,49,3.7,3.61
1636,741,80,49,3.7,3.61
1636,741,80,49,3.7,3.61
1635,741,80,49,3.7,3.61
1634,741,80,49,3.7,3.61
1633,741,80,49,3.7,3.61
1632,741,80,49,3.7,3.61
1631,741,80,49,3.7,3.61
1629,741,80,49,3.7,3.61
1628,741,80,49,3.7,3.61
1627,741,80,49,3.7,3.61
1624,741,80,49,3.7,3.61
1623,741,80,49,3.7,3.61
1621,741,80,49,3.7,3.61
1619,741,80,49,3.7,3.61
1618,741,80,49,3.7,3.61
1615,741,80,49,3.7,3.61
1613,741,80,49,3.7,3.61
1609,741,80,49,3.7,3.61
1607,741,80,49,3.7,3.61
1605,741,80,49,3.7,3.61
1602,741,80,49,3.7,3.61
1600,741,80,49,3.7,3.61
1599,741,80,49,3.7,3.61
1597,741,80,49,3.7,3.61
1598,741,80,49,3.7,3.61
1599,741,80,49,3.7,3.61
1602,741,80,49,3.7,3.61
1607,741,80,49,3.7,3.61
1615,741,80,49,3.7,3.61
1627,741,80,49,3.7,3.61
1641,741,80,49,3.7,3.61
1659,741,80,49,3.7,3.61
1682,741,80,49,3.7,3.61
1709,741,80,49,3.7,3.61
1741,741,80,49,3.7,3.61
1777,741,80,49,3.7,3.61
1819,741,80,49,3.7,3.61
1864,741,80,49,3.7,3.61
1914,741,80,49,3.7,3.61
1968,741,80,49,3.7,3.61
2025,741,80,49,3.7,3.61
2084,741,80,49,3.7,3.61
2145,741,80,49,3.7,3.61
2207,741,80,49,3.7,3.61
2268,741,80,49,3.7,3.61
2330,741,80,49,3.7,3.61
2389,741,80,49,3.7,3.61
2447,741,80,49,3.7,3.61
2502,741,80,49,3.7,3.61
2553,741,80,49,3.7,3.61
2600,741,80,49,3.7,3.61
2645,876,80,49,3.7,3.61
2683,876,80,49,3.7,3.61
2733,876,80,49,3.7,3.61
2766,876,80,49,3.7,3.61
2787,876,80,49,3.7,3.61
2802,876,80,49,3.7,3.61
2814,876,80,49,3.7,3.61
2820,876,80,49,3.7,3.61
2822,876,80,49,3.7,3.61
2820,876,80,49,3.7,3.61
2813,876,80,49,3.7,3.61
2804,876,80,49,3.7,3.61
2791,876,80,49,3.7,3.61
2775,876,80,49,3.7,3.61
2758,876,80,49,3.7,3.61
2739,876,67,49,3.7,3.61
2718,876,67,49,3.7,3.61
2697,876,67,49,3.78,3.61
2675,876,67,58,3.78,3.61
2652,876,67,58,3.78,3.61
2628,876,67,58,3.78,3.65
2606,876,67,58,3.78,3.65
2583,876,67,58,3.78,3.65
2561,876,67,58,3.78,3.65
2540,876,67,58,3.78,3.65
2519,876,67,58,3.78,3.65
2501,876,67,58,3.78,3.65
2483,876,67,58,3.78,3.65
2467,876,67,58,3.78,3.65
2452,876,67,58,3.78,3.65
2437,876,67,58,3.78,3.65
2424,876,67,58,3.78,3.65
2411,876,67,58,3.78,3.65
2398,876,67,58,3.78,3.65
2387,876,67,58,3.78,3.65
2374,876,67,58,3.78,3.65
2362,876,67,58,3.78,3.65
2350,876,67,58,3.78,3.65
2339,876,67,58,3.78,3.65
2325,876,67,58,3.78,3.65
2312,876,67,58,3.78,3.65
2298,876,67,58,3.78,3.65
2283,876,67,58,3.78,3.65
2270,876,67,58,3.78,3.65
2254,876,67,58,3.78,3.65
2238,876,67,58,3.78,3.65
2221,876,67,58,3.78,3.65
2205,876,67,58,3.78,3.65
2190,876,67,58,3.78,3.65
2175,876,67,58,3.78,3.65
2160,876,67,58,3.78,3.65
2146,876,67,58,3.78,3.65
2134,876,67,58,3.78,3.65
2122,876,67,58,3.78,3.65
2110,876,67,58,3.78,3.65
2100,876,67,58,3.78,3.65
2092,876,67,58,3.78,3.65
2084,876,67,58,3.78,3.65
2077,876,67,58,3.78,3.65
2071,876,67,58,3.78,3.65
2068,876,67,58,3.78,3.65
2064,876,67,58,3.78,3.65
2061,876,67,58,3.78,3.65
2060,876,67,58,3.78,3.65
2059,876,67,58,3.78,3.65
2059,876,67,58,3.78,3.65
2059,876,67,58,3.78,3.65
2058,876,67,58,3.78,3.65
2061,876,67,58,3.78,3.65
2061,876,67,58,3.78,3.65
2062,876,67,58,3.78,3.65
2062,876,67,58,3.78,3.65
2061,876,67,58,3.78,3.65
2061,876,67,58,3.78,3.65
2060,876,67,58,3.78,3.65
2058,876,67,58,3.78,3.65
2057,876,67,58,3.78,3.65
2054,876,67,58,3.78,3.65
2051,876,67,58,3.78,3.65
2048,876,67,58,3.78,3.65
2044,876,67,58,3.78,3.65
2040,876,67,58,3.78,3.65
2035,876,67,58,3.78,3.65
2029,876,67,58,3.78,3.65
2023,876,67,58,3.78,3.65
2017,876,67,58,3.78,3.65
2008,876,67,58,3.78,3.65
2001,876,67,58,3.78,3.65
1992,876,67,58,3.78,3.65
1983,876,67,58,3.78,3.65
1973,876,67,58,3.78,3.65
1964,876,67,58,3.78,3.65
1954,876,67,58,3.78,3.65
1944,876,67,58,3.78,3.65
1933,876,67,58,3.78,3.65
1923,876,67,58,3.78,3.65
1911,876,67,58,3.78,3.65
1901,876,67,58,3.78,3.65
1890,876,67,58,3.78,3.65
1879,876,67,58,3.78,3.65
1869,876,67,58,3.78,3.65
1859,876,67,58,3.78,3.65
1849,876,67,58,3.78,3.65
1840,876,67,58,3.78,3.65
1832,876,67,58,3.78,3.65
1823,876,67,58,3.78,3.65
1815,876,67,58,3.78,3.65
1807,876,67,58,3.78,3.65
1800,876,67,58,3.78,3.65
1792,876,67,58,3.78,3.65
1786,876,67,58,3.78,3.65
1778,876,67,58,3.78,3.65
1773,876,67,58,3.78,3.65
1768,876,67,58,3.78,3.65
1763,876,67,58,3.78,3.65
1758,876,67,58,3.78,3.65
1754,876,67,58,3.78,3.65
1750,876,67,58,3.78,3.65
1746,876,67,58,3.78,3.65
1744,876,67,58,3.78,3.65
1741,876,67,58,3.78,3.65
1738,876,67,58,3.78,3.65
1737,876,67,58,3.78,3.65
1736,876,67,58,3.78,3.65
1732,876,67,58,3.78,3.65
1730,876,67,58,3.78,3.65
1729,876,67,58,3.78,3.65
1727,876,67,58,3.78,3.65
1726,876,67,58,3.78,3.65
1724,876,67,58,3.78,3.65
1723,876,67,58,3.78,3.65
1720,876,67,58,3.78,3.65
1719,876,67,58,3.78,3.65
1717,876,67,58,3.78,3.65
1715,876,67,58,3.78,3.65
1712,876,67,58,3.78,3.65
1710,876,67,58,3.78,3.65
1708,876,67,58,3.78,3.65
1705,876,67,58,3.78,3.65
1703,876,67,58,3.78,3.65
1701,876,67,58,3.78,3.65
1699,876,67,58,3.78,3.65
1697,876,67,58,3.78,3.65
1696,876,67,58,3.78,3.65
1693,876,67,58,3.78,3.65
1692,876,67,58,3.78,3.65
1691,876,67,58,3.78,3.65
1689,876,67,58,3.78,3.65
1688,876,67,58,3.78,3.65
1686,876,67,58,3.78,3.65
1684,876,67,58,3.78,3.65
1683,876,67,58,3.78,3.65
1682,876,67,58,3.78,3.65
1681,876,67,58,3.78,3.65
1681,876,67,58,3.78,3.65
1679,876,67,58,3.78,3.65
1679,876,67,58,3.78,3.65
1677,876,67,58,3.78,3.65
1676,876,67,58,3.78,3.65
1675,876,67,58,3.78,3.65
1674,876,67,58,3.78,3.65
1673,876,67,58,3.78,3.65
1671,876,67,58,3.78,3.65
1670,876,67,58,3.78,3.65
1669,876,67,58,3.78,3.65
1668,876,67,58,3.78,3.65
1666,876,67,58,3.78,3.65
1664,876,67,58,3.78,3.65
1664,876,67,58,3.78,3.65
1661,876,67,58,3.78,3.65
1660,876,67,58,3.78,3.65
1657,876,67,58,3.78,3.65
1656,876,67,58,3.78,3.65
1655,876,67,58,3.78,3.65
1653,876,67,58,3.78,3.65
1651,876,67,58,3.78,3.65
1650,876,67,58,3.78,3.65
1647,876,67,58,3.78,3.65
1646,876,67,58,3.78,3.65
1643,876,67,58,3.78,3.65
1640,876,67,58,3.78,3.65
1637,876,67,58,3.78,3.65
1634,876,67,58,3.78,3.65
1631,876,67,58,3.78,3.65
1629,876,67,58,3.78,3.65
1625,876,67,58,3.78,3.65
1623,876,67,58,3.78,3.65
1620,876,67,58,3.78,3.65
1617,876,67,58,3.78,3.65
1615,876,67,58,3.78,3.65
1614,876,67,58,3.78,3.65
1612,876,67,58,3.78,3.65
1610,876,67,58,3.78,3.65
1609,876,67,58,3.78,3.65
1611,876,67,58,3.78,3.65
1612,876,67,58,3.78,3.65
1615,876,67,58,3.78,3.65
1620,876,67,58,3.78,3.65
1626,876,67,58,3.78,3.65
1635,876,67,58,3.78,3.65
1646,876,67,58,3.78,3.65
1664,876,67,58,3.78,3.65
1683,876,67,58,3.78,3.65
1707,876,67,58,3.78,3.65
1735,876,67,58,3.78,3.65
1767,876,67,58,3.78,3.65
1804,876,67,58,3.78,3.65
1845,876,67,58,3.78,3.65
1889,876,67,58,3.78,3.65
1938,876,67,58,3.78,3.65
1990,876,67,58,3.78,3.65
2043,876,67,58,3.78,3.65
2099,876,67,58,3.78,3.65
2156,876,67,58,3.78,3.65
2213,876,67,58,3.78,3.65
2270,876,67,58,3.78,3.65
2326,876,67,58,3.78,3.65
2380,876,67,58,3.78,3.65
2433,876,67,58,3.78,3.65
2482,876,67,58,3.78,3.65
2528,876,67,58,3.78,3.65
2571,858,67,58,3.78,3.65
2609,858,67,58,3.78,3.65
2657,858,67,58,3.78,3.65
2690,858,67,58,3.78,3.65
2711,858,67,58,3.78,3.65
2727,858,67,58,3.78,3.65
2738,858,67,58,3.78,3.65
2746,858,67,58,3.78,3.65
2749,858,67,58,3.78,3.65
2749,858,67,58,3.78,3.65
2744,858,67,58,3.78,3.65
2737,858,67,58,3.78,3.65
2727,858,67,58,3.78,3.65
2715,858,67,58,3.78,3.65
2700,858,67,58,3.78,3.65
2683,858,67,58,3.78,3.65
2665,858,67,58,3.78,3.65
2645,858,67,58,3.78,3.65
2625,858,69,58,3.78,3.65
2602,858,69,58,3.78,3.65
2580,858,69,58,3.78,3.65
2557,858,69,53,3.78,3.65
2535,858,69,53,3.78,3.65
2512,858,69,53,3.78,3.65
2490,858,69,53,3.78,3.65
2468,858,69,53,3.78,3.65
2448,858,69,53,3.78,3.65
2428,858,69,53,3.78,3.65
2409,858,69,53,3.78,3.65
2387,858,69,53,3.78,3.65
2369,858,69,53,3.78,3.65
2352,858,69,53,3.78,3.65
2336,858,69,53,3.78,3.65
2321,858,69,53,3.78,3.65
2305,858,69,53,3.78,3.65
2289,858,69,53,3.78,3.65
2273,858,69,53,3.78,3.65
2258,858,69,53,3.78,3.65
2242,858,69,53,3.78,3.65
2225,858,69,53,3.78,3.65
2209,858,69,53,3.78,3.65
2192,858,69,53,3.78,3.65
2176,858,69,53,3.78,3.65
2161,858,69,53,3.78,3.65
2145,858,69,53,3.78,3.65
2130,858,69,53,3.78,3.65
2117,858,69,53,3.78,3.65
2103,858,69,53,3.78,3.65
2091,858,69,53,3.78,3.65
2080,858,69,53,3.78,3.65
2070,858,69,53,3.78,3.65
2062,858,69,53,3.78,3.65
2054,858,69,53,4.14,3.65
2048,858,69,53,4.14,3.65
2044,858,69,53,4.14,3.65
2040,858,69,53,4.14,3.73
2039,858,69,53,4.14,3.73
2037,858,69,53,4.14,3.73
2038,858,69,53,4.14,3.73
2039,858,69,53,4.14,3.73
2040,858,69,53,4.14,3.73
2042,858,69,53,4.14,3.73
2044,858,69,53,4.14,3.73
2047,858,69,53,4.14,3.73
2052,858,69,53,4.14,3.73
2055,858,69,53,4.14,3.73
2057,858,69,53,4.14,3.73
2061,858,69,53,4.14,3.73
2065,858,69,53,4.14,3.73
2067,858,69,53,4.14,3.73
2070,858,69,53,4.14,3.73
2074,858,69,53,4.14,3.73
2076,858,69,53,4.14,3.73
2077,858,69,53,4.14,3.73
2078,858,69,53,4.14,3.73
2079,858,69,53,4.14,3.73
2078,858,69,53,4.14,3.73
2077,858,69,53,4.14,3.73
2074,858,69,53,4.14,3.73
2070,858,69,53,4.14,3.73
2066,858,69,53,4.14,3.73
2060,858,69,53,4.14,3.73
2054,858,69,53,4.14,3.73
2046,858,69,53,4.14,3.73
2038,858,69,53,4.14,3.73
2030,858,69,53,4.14,3.73
2021,858,69,53,4.14,3.73
2011,858,69,53,4.14,3.73
2000,858,69,53,4.14,3.73
1989,858,69,53,4.14,3.73
1979,858,69,53,4.14,3.73
1967,858,69,53,4.14,3.73
1955,858,69,53,4.14,3.73
1944,858,69,53,4.14,3.73
1933,858,69,53,4.14,3.73
1922,858,69,53,4.14,3.73
1911,858,69,53,4.14,3.73
1900,858,69,53,4.14,3.73
1889,858,69,53,4.14,3.73
1879,858,69,53,4.14,3.73
1869,858,69,53,4.14,3.73
1858,858,69,53,4.14,3.73
1849,858,69,53,4.14,3.73
1841,858,69,53,4.14,3.73
1832,858,69,53,4.14,3.73
1825,858,69,53,4.14,3.73
1818,858,69,53,4.14,3.73
1811,858,69,53,4.14,3.73
1805,858,69,53,4.14,3.73
1800,858,69,53,4.14,3.73
1794,858,69,53,4.14,3.73
1789,858,69,53,4.14,3.73
1785,858,69,53,4.14,3.73
1781,858,69,53,4.14,3.73
1777,858,69,53,4.14,3.73
1772,858,69,53,4.14,3.73
1769,858,69,53,4.14,3.73
1765,858,69,53,4.14,3.73
1762,858,69,53,4.14,3.73
1758,858,69,53,4.14,3.73
1755,858,69,53,4.14,3.73
1753,858,69,53,4.14,3.73
1749,858,69,53,4.14,3.73
1747,858,69,53,4.14,3.73
1745,858,69,53,4.14,3.73
1742,858,69,53,4.14,3.73
1740,858,69,53,4.14,3.73
1737,858,69,53,4.14,3.73
1736,858,69,53,4.14,3.73
1734,858,69,53,4.14,3.73
1730,858,69,53,4.14,3.73
1729,858,69,53,4.14,3.73
1727,858,69,53,4.14,3.73
1725,858,69,53,4.14,3.73
1723,858,69,53,4.14,3.73
1721,858,69,53,4.14,3.73
1719,858,69,53,4.14,3.73
1716,858,69,53,4.14,3.73
1715,858,69,53,4.14,3.73
1713,858,69,53,4.14,3.73
1711,858,69,53,4.14,3.73
1709,858,69,53,4.14,3.73
1707,858,69,53,4.14,3.73
1706,858,69,53,4.14,3.73
1704,858,69,53,4.14,3.73
1702,858,69,53,4.14,3.73
1700,858,69,53,4.14,3.73
1699,858,69,53,4.14,3.73
1697,858,69,53,4.14,3.73
1695,858,69,53,4.14,3.73
1694,858,69,53,4.14,3.73
1692,858,69,53,4.14,3.73
1690,858,69,53,4.14,3.73
1690,858,69,53,4.14,3.73
1688,858,69,53,4.14,3.73
1686,858,69,53,4.14,3.73
1684,858,69,53,4.14,3.73
1682,858,69,53,4.14,3.73
1680,858,69,53,4.14,3.73
1678,858,69,53,4.14,3.73
1675,858,69,53,4.14,3.73
1673,858,69,53,4.14,3.73
1669,858,69,53,4.14,3.73
1667,858,69,53,4.14,3.73
1663,858,69,53,4.14,3.73
1661,858,69,53,4.14,3.73
1658,858,69,53,4.14,3.73
1656,858,69,53,4.14,3.73
1655,858,69,53,4.14,3.73
1652,858,69,53,4.14,3.73
1650,858,69,53,4.14,3.73
1647,858,69,53,4.14,3.73
1646,858,69,53,4.14,3.73
1643,858,69,53,4.14,3.73
1642,858,69,53,4.14,3.73
1643,858,69,53,4.14,3.73
1644,858,69,53,4.14,3.73
1646,858,69,53,4.14,3.73
1650,858,69,53,4.14,3.73
1658,858,69,53,4.14,3.73
1668,858,69,53,4.14,3.73
1681,858,69,53,4.14,3.73
1699,858,69,53,4.14,3.73
1721,858,69,53,4.14,3.73
1747,858,69,53,4.14,3.73
1778,858,69,53,4.14,3.73
1812,858,69,53,4.14,3.73
1853,858,69,53,4.14,3.73
1897,858,69,53,4.14,3.73
1945,858,69,53,4.14,3.73
1997,858,69,53,4.14,3.73
2051,858,69,53,4.14,3.73
2107,858,69,53,4.14,3.73
2165,858,69,53,4.14,3.73
2222,858,69,53,4.14,3.73
2280,858,69,53,4.14,3.73
2338,858,69,53,4.14,3.73
2394,858,69,53,4.14,3.73
2447,858,69,53,4.14,3.73
2497,858,69,53,4.14,3.73
2545,858,69,53,4.14,3.73
2588,858,69,53,4.14,3.73
2627,779,69,53,4.14,3.73
2662,779,69,53,4.14,3.73
2706,779,69,53,4.14,3.73
2734,779,69,53,4.14,3.73
2751,779,69,53,4.14,3.73
2765,779,69,53,4.14,3.73
2773,779,69,53,4.14,3.73
2778,779,69,53,4.14,3.73
2778,779,76,53,4.14,3.73
2776,779,76,53,4.14,3.73
2770,779,76,53,4.14,3.73
2761,779,76,72,4.14,3.73
2749,779,76,72,4.14,3.73
2734,779,76,72,4.14,3.73
2718,779,76,72,4.14,3.73
2700,779,76,72,4.14,3.73
2681,779,76,72,4.14,3.73
2660,779,76,72,4.14,3.73
2639,779,76,72,4.14,3.73
2618,779,76,72,4.14,3.73
2595,779,76,72,4.14,3.73
2573,779,76,72,4.14,3.73
2551,779,76,72,4.14,3.73
2529,779,76,72,4.14,3.73
2509,779,76,72,4.14,3.73
2489,779,76,72,4.14,3.73
2469,779,76,72,4.14,3.73
2450,779,76,72,4.14,3.73
2433,779,76,72,4.14,3.73
2415,779,76,72,4.14,3.73
2398,779,76,72,4.14,3.73
2381,779,76,72,4.14,3.73
2366,779,76,72,4.14,3.73
2352,779,76,72,4.14,3.73
2336,779,76,72,4.14,3.73
2322,779,76,72,4.14,3.73
2307,779,76,72,4.14,3.73
2292,779,76,72,4.14,3.73
2277,779,76,72,4.14,3.73
2261,779,76,72,4.14,3.73
2246,779,76,72,4.14,3.73
2230,779,76,72,4.14,3.73
2215,779,76,72,4.14,3.73
2198,779,76,72,4.14,3.73
2183,779,76,72,4.14,3.73
2167,779,76,72,4.14,3.73
2152,779,76,72,4.14,3.73
2138,779,76,72,4.14,3.73
2124,779,76,72,4.14,3.73
2111,779,76,72,4.14,3.73
2099,779,76,72,4.14,3.73
2088,779,76,72,4.14,3.73
2077,779,76,72,4.14,3.73
2069,779,76,72,4.14,3.73
2062,779,76,72,4.14,3.73
2056,779,76,72,4.14,3.73
2051,779,76,72,4.14,3.73
2048,779,76,72,4.14,3.73
2047,779,76,72,4.14,3.73
2045,779,76,72,4.14,3.73
2045,779,76,72,4.14,3.73
2046,779,76,72,4.14,3.73
2048,779,76,72,4.14,3.73
2052,779,76,72,4.14,3.73
2054,779,76,72,4.14,3.73
2057,779,76,72,4.14,3.73
2061,779,76,72,4.14,3.73
2064,779,76,72,4.14,3.73
2067,779,76,72,4.14,3.73
2070,779,76,72,4.14,3.73
2073,779,76,72,4.14,3.73
2075,779,76,72,4.14,3.73
2076,779,76,72,4.14,3.73
2077,779,76,72,4.14,3.73
2076,779,76,72,4.14,3.73
2076,779,76,72,4.14,3.73
2075,779,76,72,4.14,3.73
2072,779,76,72,4.14,3.73
2069,779,76,72,4.14,3.73
2065,779,76,72,4.14,3.73
2060,779,76,72,4.14,3.73
2055,779,76,72,4.14,3.73
2049,779,76,72,4.14,3.73
2042,779,76,72,4.14,3.73
2034,779,76,72,4.14,3.73
2026,779,76,72,4.14,3.73
2017,779,76,72,4.14,3.73
2007,779,76,72,4.14,3.73
1998,779,76,72,4.14,3.73
1988,779,76,72,4.14,3.73
1978,779,76,72,4.14,3.73
1968,779,76,72,4.14,3.73
1958,779,76,72,4.14,3.73
1946,779,76,72,4.14,3.73
1935,779,76,72,4.14,3.73
1925,779,76,72,4.14,3.73
1914,779,76,72,4.14,3.73
1905,779,76,72,4.14,3.73
1895,779,76,72,4.14,3.73
1885,779,76,72,4.14,3.73
1876,779,76,72,4.14,3.73
1866,779,76,72,4.14,3.73
1857,779,76,72,4.14,3.73
1849,779,76,72,4.14,3.73
1840,779,76,72,4.14,3.73
1832,779,76,72,4.14,3.73
1824,779,76,72,3.85,3.73
1818,779,76,72,3.85,3.73
1811,779,76,72,3.85,3.73
1804,779,76,72,3.85,3.28
1798,779,76,72,3.85,3.28
1792,779,76,72,3.85,3.28
1787,779,76,72,3.85,3.28
1782,779,76,72,3.85,3.28
1776,779,76,72,3.85,3.28
1772,779,76,72,3.85,3.28
1768,779,76,72,3.85,3.28
1764,779,76,72,3.85,3.28
1760,779,76,72,3.85,3.28
1757,779,76,72,3.85,3.28
1753,779,76,72,3.85,3.28
1751,779,76,72,3.85,3.28
1748,779,76,72,3.85,3.28
1746,779,76,72,3.85,3.28
1744,779,76,72,3.85,3.28
1742,779,76,72,3.85,3.28
1741,779,76,72,3.85,3.28
1740,779,76,72,3.85,3.28
1739,779,76,72,3.85,3.28
1737,779,76,72,3.85,3.28
1736,779,76,72,3.85,3.28
1735,779,76,72,3.85,3.28
1734,779,76,72,3.85,3.28
1732,779,76,72,3.85,3.28
1731,779,76,72,3.85,3.28
1729,779,76,72,3.85,3.28
1727,779,76,72,3.85,3.28
1725,779,76,72,3.85,3.28
1724,779,76,72,3.85,3.28
1723,779,76,72,3.85,3.28
1722,779,76,72,3.85,3.28
1719,779,76,72,3.85,3.28
1717,779,76,72,3.85,3.28
1716,779,76,72,3.85,3.28
1713,779,76,72,3.85,3.28
1711,779,76,72,3.85,3.28
1710,779,76,72,3.85,3.28
1708,779,76,72,3.85,3.28
1706,779,76,72,3.85,3.28
1704,779,76,72,3.85,3.28
1701,779,76,72,3.85,3.28
1699,779,76,72,3.85,3.28
1697,779,76,72,3.85,3.28
1695,779,76,72,3.85,3.28
1693,779,76,72,3.85,3.28
1691,779,76,72,3.85,3.28
1689,779,76,72,3.85,3.28
1688,779,76,72,3.85,3.28
1686,779,76,72,3.85,3.28
1684,779,76,72,3.85,3.28
1682,779,76,72,3.85,3.28
1679,779,76,72,3.85,3.28
1678,779,76,72,3.85,3.28
1675,779,76,72,3.85,3.28
1672,779,76,72,3.85,3.28
1670,779,76,72,3.85,3.28
1668,779,76,72,3.85,3.28
1666,779,76,72,3.85,3.28
1664,779,76,72,3.85,3.28
1662,779,76,72,3.85,3.28
1660,779,76,72,3.85,3.28
1659,779,76,72,3.85,3.28
1657,779,76,72,3.85,3.28
1656,779,76,72,3.85,3.28
1655,779,76,72,3.85,3.28
1652,779,76,72,3.85,3.28
1651,779,76,72,3.85,3.28
1649,779,76,72,3.85,3.28
1647,779,76,72,3.85,3.28
1646,779,76,72,3.85,3.28
1645,779,76,72,3.85,3.28
1643,779,76,72,3.85,3.28
1640,779,76,72,3.85,3.28
1639,779,76,72,3.85,3.28
1637,779,76,72,3.85,3.28
1634,779,76,72,3.85,3.28
1632,779,76,72,3.85,3.28
1630,779,76,72,3.85,3.28
1627,779,76,72,3.85,3.28
1625,779,76,72,3.85,3.28
1625,779,76,72,3.85,3.28
1622,779,76,72,3.85,3.28
1622,779,76,72,3.85,3.28
1624,779,76,72,3.85,3.28
1628,779,76,72,3.85,3.28
1635,779,76,72,3.85,3.28
1642,779,76,72,3.85,3.28
1655,779,76,72,3.85,3.28
1671,779,76,72,3.85,3.28
1690,779,76,72,3.85,3.28
1716,779,76,72,3.85,3.28
1746,779,76,72,3.85,3.28
1780,779,76,72,3.85,3.28
1821,779,76,72,3.85,3.28
1865,779,76,72,3.85,3.28
1915,779,76,72,3.85,3.28
1968,779,76,72,3.85,3.28
2026,779,76,72,3.85,3.28
2088,779,76,72,3.85,3.28
2151,779,76,72,3.85,3.28
2215,779,76,72,3.85,3.28
2281,779,76,72,3.85,3.28
2345,779,76,72,3.85,3.28
2408,779,76,72,3.85,3.28
2471,779,76,72,3.85,3.28
2531,779,76,72,3.85,3.28
2587,779,76,72,3.85,3.28
2641,779,76,72,3.85,3.28
2689,779,76,72,3.85,3.28
2734,848,76,72,3.85,3.28
2774,848,76,72,3.85,3.28
2825,848,76,72,3.85,3.28
2858,848,76,72,3.85,3.28
2878,848,76,72,3.85,3.28
2894,848,76,72,3.85,3.28
2905,848,76,72,3.85,3.28
2911,848,76,72,3.85,3.28
2913,848,76,72,3.85,3.28
2909,848,76,72,3.85,3.28
2903,848,76,72,3.85,3.28
2892,848,76,72,3.85,3.28
2875,848,76,72,3.85,3.28
2859,848,70,72,3.85,3.28
2840,848,70,72,3.85,3.28
2819,848,70,72,3.85,3.28
2798,848,70,72,3.85,3.28
2774,848,70,72,3.85,3.28
2751,848,70,72,3.85,3.28
2726,848,70,72,3.85,3.28
2703,848,70,72,3.85,3.28
2679,848,70,72,3.85,3.28
2655,848,70,72,3.85,3.28
2632,848,70,72,3.85,3.28
2609,848,70,72,3.85,3.28
2589,848,70,72,3.85,3.28
2568,848,70,72,3.85,3.28
2549,848,70,72,3.85,3.28
2531,848,70,72,3.85,3.28
2514,848,70,72,3.85,3.28
2497,848,70,72,3.85,3.28
2483,848,70,72,3.85,3.28
2468,848,70,72,3.85,3.28
2453,848,70,72,3.85,3.28
2440,848,70,72,3.85,3.28
2426,848,70,72,3.85,3.28
2413,848,70,72,3.85,3.28
2399,848,70,72,3.85,3.28
2385,848,70,72,3.85,3.28
2372,848,70,72,3.85,3.28
2357,848,70,72,3.85,3.28
2342,848,70,72,3.85,3.28
2326,848,70,72,3.85,3.28
2311,848,70,72,3.85,3.28
2295,848,70,72,3.85,3.28
2279,848,70,72,3.85,3.28
2263,848,70,72,3.85,3.28
2247,848,70,72,3.85,3.28
2231,848,70,72,3.85,3.28
2215,848,70,72,3.85,3.28
2201,848,70,72,3.85,3.28
2188,848,70,72,3.85,3.28
2175,848,70,72,3.85,3.28
2164,848,70,72,3.85,3.28
2153,848,70,72,3.85,3.28
2143,848,70,72,3.85,3.28
2135,848,70,72,3.85,3.28
2127,848,70,72,3.85,3.28
2120,848,70,72,3.85,3.28
2115,848,70,72,3.85,3.28
2111,848,70,72,3.85,3.28
2108,848,70,72,3.85,3.28
2106,848,70,72,3.85,3.28
2105,848,70,72,3.85,3.28
2105,848,70,72,3.85,3.28
2105,848,70,72,3.85,3.28
2108,848,70,72,3.85,3.28
2109,848,70,72,3.85,3.28
2111,848,70,72,3.85,3.28
2112,848,70,72,3.85,3.28
2113,848,70,72,3.85,3.28
2115,848,70,72,3.85,3.28
2116,848,70,72,3.85,3.28
2116,848,70,72,3.85,3.28
2116,848,70,72,3.85,3.28
2115,848,70,72,3.85,3.28
2115,848,70,72,3.85,3.28
2113,848,70,72,3.85,3.28
2110,848,70,72,3.85,3.28
2107,848,70,72,3.85,3.28
2104,848,70,72,3.85,3.28
2099,848,70,72,3.85,3.28
2093,848,70,72,3.85,3.28
2086,848,70,72,3.85,3.28
2080,848,70,72,3.85,3.28
2071,848,70,72,3.85,3.28
2061,848,70,72,3.85,3.28
2051,848,70,72,3.85,3.28
2041,848,70,72,3.85,3.28
2031,848,70,72,3.85,3.28
2020,848,70,72,3.85,3.28
2009,848,70,72,3.85,3.28
1998,848,70,72,3.85,3.28
1986,848,70,72,3.85,3.28
1974,848,70,72,3.85,3.28
1962,848,70,72,3.85,3.28
1950,848,70,72,3.85,3.28
1938,848,70,72,3.85,3.28
1928,848,70,72,3.85,3.28
1918,848,70,72,3.85,3.28
1907,848,70,72,3.85,3.28
1897,848,70,72,3.85,3.28
1886,848,70,72,3.85,3.28
1876,848,70,72,3.85,3.28
1867,848,70,72,3.85,3.28
1859,848,70,72,3.85,3.28
1850,848,70,72,3.85,3.28
1842,848,70,72,3.85,3.28
1834,848,70,72,3.85,3.28
1827,848,70,72,3.85,3.28
1820,848,70,72,3.85,3.28
1814,848,70,72,3.85,3.28
1807,848,70,72,3.85,3.28
1801,848,70,72,3.85,3.28
1796,848,70,72,3.85,3.28
1791,848,70,72,3.85,3.28
1787,848,70,72,3.85,3.28
1783,848,70,72,3.85,3.28
1780,848,70,72,3.85,3.28
1775,848,70,72,3.85,3.28
1772,848,70,72,3.85,3.28
1769,848,70,72,3.85,3.28
1766,848,70,72,3.85,3.28
1764,848,70,72,3.85,3.28
1761,848,70,72,3.85,3.28
1758,848,70,72,3.85,3.28
1756,848,70,72,3.85,3.28
1754,848,70,72,3.85,3.28
1752,848,70,72,3.85,3.28
1749,848,70,72,3.85,3.28
1748,848,70,72,3.85,3.28
1746,848,70,72,3.85,3.28
1744,848,70,72,3.85,3.28
1742,848,70,72,3.85,3.28
1741,848,70,72,3.85,3.28
1738,848,70,72,3.85,3.28
1737,848,70,72,3.85,3.28
1734,848,70,72,3.85,3.28
1732,848,70,72,3.85,3.28
1731,848,70,72,3.85,3.28
1730,848,70,72,3.85,3.28
1728,848,70,72,3.85,3.28
1727,848,70,72,3.85,3.28
1725,848,70,72,4.38,3.28
1724,848,70,72,4.38,3.28
1722,848,70,72,4.38,3.28
1721,848,70,72,4.38,3.82
1720,848,70,72,4.38,3.82
1717,848,70,72,4.38,3.82
1716,848,70,72,4.38,3.82
1715,848,70,72,4.38,3.82
1714,848,70,72,4.38,3.82
1713,848,70,72,4.38,3.82
1711,848,70,72,4.38,3.82
1709,848,70,72,4.38,3.82
1708,848,70,72,4.38,3.82
1706,848,70,72,4.38,3.82
1704,848,70,72,4.38,3.82
1703,848,70,72,4.38,3.82
1700,848,70,72,4.38,3.82
1699,848,70,72,4.38,3.82
1697,848,70,72,4.38,3.82
1695,848,70,72,4.38,3.82
1693,848,70,72,4.38,3.82
1690,848,70,72,4.38,3.82
1688,848,70,72,4.38,3.82
1686,848,70,72,4.38,3.82
1684,848,70,72,4.38,3.82
1682,848,70,72,4.38,3.82
1680,848,70,72,4.38,3.82
1678,848,70,72,4.38,3.82
1677,848,70,72,4.38,3.82
1676,848,70,72,4.38,3.82
1674,848,70,72,4.38,3.82
1673,848,70,72,4.38,3.82
1672,848,70,72,4.38,3.82
1671,848,70,72,4.38,3.82
1669,848,70,72,4.38,3.82
1668,848,70,72,4.38,3.82
1667,848,70,72,4.38,3.82
1666,848,70,72,4.38,3.82
1665,848,70,72,4.38,3.82
1663,848,70,72,4.38,3.82
1662,848,70,72,4.38,3.82
1661,848,70,72,4.38,3.82
1659,848,70,72,4.38,3.82
1659,848,70,72,4.38,3.82
1656,848,70,72,4.38,3.82
1654,848,70,72,4.38,3.82
1653,848,70,72,4.38,3.82
1650,848,70,72,4.38,3.82
1648,848,70,72,4.38,3.82
1646,848,70,72,4.38,3.82
1644,848,70,72,4.38,3.82
1643,848,70,72,4.38,3.82
1640,848,70,72,4.38,3.82
1638,848,70,72,4.38,3.82
1637,848,70,72,4.38,3.82
1637,848,70,72,4.38,3.82
1637,848,70,72,4.38,3.82
1638,848,70,72,4.38,3.82
1641,848,70,72,4.38,3.82
1646,848,70,72,4.38,3.82
1652,848,70,72,4.38,3.82
1662,848,70,72,4.38,3.82
1675,848,70,72,4.38,3.82
1690,848,70,72,4.38,3.82
1712,848,70,72,4.38,3.82
1736,848,70,72,4.38,3.82
1766,848,70,72,4.38,3.82
1800,848,70,72,4.38,3.82
1839,848,70,72,4.38,3.82
1882,848,70,72,4.38,3.82
1929,848,70,72,4.38,3.82
1981,848,70,72,4.38,3.82
2036,848,70,72,4.38,3.82
2095,848,70,72,4.38,3.82
2155,848,70,72,4.38,3.82
2216,848,70,72,4.38,3.82
2278,848,70,72,4.38,3.82
2341,848,70,72,4.38,3.82
2403,848,70,72,4.38,3.82
2463,848,70,72,4.38,3.82
2520,848,70,72,4.38,3.82
2577,848,70,72,4.38,3.82
2629,848,70,72,4.38,3.82
2677,848,70,72,4.38,3.82
2721,879,70,72,4.38,3.82
2759,879,70,72,4.38,3.82
2809,879,70,72,4.38,3.82
2841,879,70,72,4.38,3.82
2860,879,70,72,4.38,3.82
2876,879,70,72,4.38,3.82
2886,879,70,72,4.38,3.82
2891,879,70,72,4.38,3.82
2892,879,70,72,4.38,3.82
2888,879,70,72,4.38,3.82
2881,879,67,72,4.38,3.82
2871,879,67,72,4.38,3.82
2857,879,67,72,4.38,3.82
2842,879,67,72,4.38,3.82
2823,879,67,72,4.38,3.82
2802,879,67,72,4.38,3.82
2780,879,67,72,4.38,3.82
2758,879,67,72,4.38,3.82
2733,879,67,72,4.38,3.82
2708,879,67,72,4.38,3.82
2684,879,67,72,4.38,3.82
2659,879,67,72,4.38,3.82
2635,879,67,72,4.38,3.82
2610,879,67,72,4.38,3.82
2587,879,67,72,4.38,3.82
2564,879,67,72,4.38,3.82
2542,879,67,72,4.38,3.82
2521,879,67,72,4.38,3.82
2500,879,67,72,4.38,3.82
2482,879,67,72,4.38,3.82
2465,879,67,72,4.38,3.82
2448,879,67,72,4.38,3.82
2432,879,67,72,4.38,3.82
2419,879,67,72,4.38,3.82
2404,879,67,72,4.38,3.82
2389,879,67,72,4.38,3.82
2376,879,67,72,4.38,3.82
2362,879,67,72,4.38,3.82
2349,879,67,72,4.38,3.82
2336,879,67,72,4.38,3.82
2322,879,67,72,4.38,3.82
2303,879,67,72,4.38,3.82
2288,879,67,72,4.38,3.82
2272,879,67,72,4.38,3.82
2258,879,67,72,4.38,3.82
2242,879,67,72,4.38,3.82
2226,879,67,72,4.38,3.82
2211,879,67,72,4.38,3.82
2195,879,67,72,4.38,3.82
2181,879,67,72,4.38,3.82
2166,879,67,72,4.38,3.82
2154,879,67,72,4.38,3.82
2142,879,67,72,4.38,3.82
2132,879,67,72,4.38,3.82
2122,879,67,72,4.38,3.82
2114,879,67,72,4.38,3.82
2107,879,67,72,4.38,3.82
2101,879,67,72,4.38,3.82
2095,879,67,72,4.38,3.82
2092,879,67,72,4.38,3.82
2090,879,67,72,4.38,3.82
2088,879,67,72,4.38,3.82
2088,879,67,72,4.38,3.82
2088,879,67,72,4.38,3.82
2089,879,67,72,4.38,3.82
2091,879,67,72,4.38,3.82
2091,879,67,72,4.38,3.82
2093,879,67,72,4.38,3.82
2096,879,67,72,4.38,3.82
2098,879,67,72,4.38,3.82
2100,879,67,72,4.38,3.82
2102,879,67,72,4.38,3.82
2105,879,67,72,4.38,3.82
2104,879,67,72,4.38,3.82
2104,879,67,72,4.38,3.82
2104,879,67,72,4.38,3.82
2103,879,67,72,4.38,3.82
2102,879,67,72,4.38,3.82
2100,879,67,72,4.38,3.82
2095,879,67,72,4.38,3.82
2091,879,67,72,4.38,3.82
2086,879,67,72,4.38,3.82
2080,879,67,72,4.38,3.82
2073,879,67,72,4.38,3.82
2065,879,67,72,4.38,3.82
2057,879,67,72,4.38,3.82
2048,879,67,72,4.38,3.82
2039,879,67,72,4.38,3.82
2029,879,67,72,4.38,3.82
2019,879,67,72,4.38,3.82
2008,879,67,72,4.38,3.82
1998,879,67,72,4.38,3.82
1986,879,67,72,4.38,3.82
1975,879,67,72,4.38,3.82
1964,879,67,72,4.38,3.82
1951,879,67,72,4.38,3.82
1940,879,67,72,4.38,3.82
1929,879,67,72,4.38,3.82
1919,879,67,72,4.38,3.82
1907,879,67,72,4.38,3.82
1896,879,67,72,4.38,3.82
1886,879,67,72,4.38,3.82
1877,879,67,72,4.38,3.82
1868,879,67,72,4.38,3.82
1860,879,67,72,4.38,3.82
1851,879,67,72,4.38,3.82
1844,879,67,72,4.38,3.82
1836,879,67,72,4.38,3.82
1829,879,67,72,4.38,3.82
1822,879,67,72,4.38,3.82
1816,879,67,72,4.38,3.82
1810,879,67,72,4.38,3.82
1804,879,67,72,4.38,3.82
1799,879,67,72,4.38,3.82
1794,879,67,72,4.38,3.82
1791,879,67,72,4.38,3.82
1786,879,67,72,4.38,3.82
1781,879,67,72,4.38,3.82
1778,879,67,72,4.38,3.82
1775,879,67,72,4.38,3.82
1771,879,67,72,4.38,3.82
1769,879,67,72,4.38,3.82
1766,879,67,72,4.38,3.82
1764,879,67,72,4.38,3.82
1762,879,67,72,4.38,3.82
1759,879,67,72,4.38,3.82
1757,879,67,72,4.38,3.82
1755,879,67,72,4.38,3.82
1752,879,67,72,4.38,3.82
1751,879,67,72,4.38,3.82
1749,879,67,72,4.38,3.82
1747,879,67,72,4.38,3.82
1745,879,67,72,4.38,3.82
1742,879,67,72,4.38,3.82
1741,879,67,72,4.38,3.82
1739,879,67,72,4.38,3.82
1737,879,67,72,4.38,3.82
1734,879,67,72,4.38,3.82
1732,879,67,72,4.38,3.82
1731,879,67,72,4.38,3.82
1729,879,67,72,4.38,3.82
1728,879,67,72,4.38,3.82
1727,879,67,72,4.38,3.82
1726,879,67,72,4.38,3.82
1723,879,67,72,4.38,3.82
1721,879,67,72,4.38,3.82
1720,879,67,72,4.38,3.82
1718,879,67,72,4.38,3.82
1716,879,67,72,4.38,3.82
1713,879,67,72,4.38,3.82
1712,879,67,72,4.38,3.82
1710,879,67,72,4.38,3.82
1707,879,67,72,4.38,3.82
1705,879,67,72,4.38,3.82
1704,879,67,72,4.38,3.82
1702,879,67,72,4.38,3.82
1702,879,67,72,4.38,3.82
1700,879,67,72,4.38,3.82
1698,879,67,72,4.38,3.82
1697,879,67,72,4.38,3.82
1697,879,67,72,4.38,3.82
1695,879,67,72,4.38,3.82
1694,879,67,72,4.38,3.82
1693,879,67,72,4.38,3.82
1691,879,67,72,4.38,3.82
1690,879,67,72,4.38,3.82
1689,879,67,72,4.38,3.82
1687,879,67,72,4.38,3.82
1687,879,67,72,4.38,3.82
1685,879,67,72,4.38,3.82
1684,879,67,72,4.38,3.82
1681,879,67,72,4.38,3.82
1681,879,67,72,4.25,3.82
1679,879,67,72,4.25,3.82
1676,879,67,72,4.25,3.82
1675,879,67,72,4.25,3.89
1673,879,67,72,4.25,3.89
1672,879,67,72,4.25,3.89
1670,879,67,72,4.25,3.89
1668,879,67,72,4.25,3.89
1666,879,67,72,4.25,3.89
1664,879,67,72,4.25,3.89
1662,879,67,72,4.25,3.89
1659,879,67,72,4.25,3.89
1656,879,67,72,4.25,3.89
1653,879,67,72,4.25,3.89
1650,879,67,72,4.25,3.89
1646,879,67,72,4.25,3.89
1642,879,67,72,4.25,3.89
1639,879,67,72,4.25,3.89
1636,879,67,72,4.25,3.89
1632,879,67,72,4.25,3.89
1629,879,67,72,4.25,3.89
1626,879,67,72,4.25,3.89
1624,879,67,72,4.25,3.89
1623,879,67,72,4.25,3.89
1624,879,67,72,4.25,3.89
1626,879,67,72,4.25,3.89
1631,879,67,72,4.25,3.89
1638,879,67,72,4.25,3.89
1648,879,67,72,4.25,3.89
1661,879,67,72,4.25,3.89
1677,879,67,72,4.25,3.89
1699,879,67,72,4.25,3.89
1725,879,67,72,4.25,3.89
1756,879,67,72,4.25,3.89
1790,879,67,72,4.25,3.89
1830,879,67,72,4.25,3.89
1875,879,67,72,4.25,3.89
1923,879,67,72,4.25,3.89
1975,879,67,72,4.25,3.89
2030,879,67,72,4.25,3.89
2088,879,67,72,4.25,3.89
2147,879,67,72,4.25,3.89
2208,879,67,72,4.25,3.89
2269,879,67,72,4.25,3.89
2330,879,67,72,4.25,3.89
2389,879,67,72,4.25,3.89
2447,879,67,72,4.25,3.89
2502,879,67,72,4.25,3.89
2552,879,67,72,4.25,3.89
2600,879,67,72,4.25,3.89
2645,862,67,72,4.25,3.89
2683,862,67,72,4.25,3.89
2733,862,67,72,4.25,3.89
2766,862,67,72,4.25,3.89
2786,862,67,72,4.25,3.89
2803,862,67,72,4.25,3.89
2815,862,67,72,4.25,3.89
2823,862,67,72,4.25,3.89
2825,862,67,72,4.25,3.89
2823,862,67,72,4.25,3.89
2817,862,67,72,4.25,3.89
2807,862,67,72,4.25,3.89
2795,862,69,72,4.25,3.89
2780,862,69,72,4.25,3.89
2761,862,69,72,4.25,3.89
2742,862,69,72,4.25,3.89
2721,862,69,72,4.25,3.89
2696,862,69,72,4.25,3.89
2673,862,69,72,4.25,3.89
2648,862,69,72,4.25,3.89
2622,862,69,72,4.25,3.89
2597,862,69,72,4.25,3.89
2573,862,69,72,4.25,3.89
2548,862,69,72,4.25,3.89
2525,862,69,72,4.25,3.89
2503,862,69,72,4.25,3.89
2480,862,69,72,4.25,3.89
2459,862,69,72,4.25,3.89
2439,862,69,72,4.25,3.89
2419,862,69,72,4.25,3.89
2400,862,69,72,4.25,3.89
2381,862,69,72,4.25,3.89
2362,862,69,72,4.25,3.89
2346,862,69,72,4.25,3.89
2329,862,69,72,4.25,3.89
2311,862,69,72,4.25,3.89
2294,862,69,72,4.25,3.89
2278,862,69,72,4.25,3.89
2262,862,69,72,4.25,3.89
2246,862,69,72,4.25,3.89
2229,862,69,72,4.25,3.89
2214,862,69,72,4.25,3.89
2198,862,69,72,4.25,3.89
2183,862,69,72,4.25,3.89
2168,862,69,72,4.25,3.89
2154,862,69,72,4.25,3.89
2139,862,69,72,4.25,3.89
2126,862,69,72,4.25,3.89
2113,862,69,72,4.25,3.89
2102,862,69,72,4.25,3.89
2091,862,69,72,4.25,3.89
2082,862,69,72,4.25,3.89
2075,862,69,72,4.25,3.89
2069,862,69,72,4.25,3.89
2065,862,69,72,4.25,3.89
2061,862,69,72,4.25,3.89
2059,862,69,72,4.25,3.89
2059,862,69,72,4.25,3.89
2060,862,69,72,4.25,3.89
2062,862,69,72,4.25,3.89
2065,862,69,72,4.25,3.89
2069,862,69,72,4.25,3.89
2074,862,69,72,4.25,3.89
2079,862,69,72,4.25,3.89
2085,862,69,72,4.25,3.89
2091,862,69,72,4.25,3.89
2097,862,69,72,4.25,3.89
2102,862,69,72,4.25,3.89
2107,862,69,72,4.25,3.89
2112,862,69,72,4.25,3.89
2116,862,69,72,4.25,3.89
2120,862,69,72,4.25,3.89
2122,862,69,72,4.25,3.89
2124,862,69,72,4.25,3.89
2125,862,69,72,4.25,3.89
2126,862,69,72,4.25,3.89
2125,862,69,72,4.25,3.89
2123,862,69,72,4.25,3.89
2121,862,69,72,4.25,3.89
2118,862,69,72,4.25,3.89
2114,862,69,72,4.25,3.89
2108,862,69,72,4.25,3.89
2102,862,69,72,4.25,3.89
2094,862,69,72,4.25,3.89
2086,862,69,72,4.25,3.89
2076,862,69,72,4.25,3.89
2067,862,69,72,4.25,3.89
2057,862,69,72,4.25,3.89
2046,862,69,72,4.25,3.89
2035,862,69,72,4.25,3.89
2022,862,69,72,4.25,3.89
2010,862,69,72,4.25,3.89
1999,862,69,72,4.25,3.89
1986,862,69,72,4.25,3.89
1975,862,69,72,4.25,3.89
1962,862,69,72,4.25,3.89
1951,862,69,72,4.25,3.89
1939,862,69,72,4.25,3.89
1927,862,69,72,4.25,3.89
1916,862,69,72,4.25,3.89
1906,862,69,72,4.25,3.89
1896,862,69,72,4.25,3.89
1887,862,69,72,4.25,3.89
1877,862,69,72,4.25,3.89
1870,862,69,72,4.25,3.89
1861,862,69,72,4.25,3.89
1854,862,69,72,4.25,3.89
1847,862,69,72,4.25,3.89
1841,862,69,72,4.25,3.89
1835,862,69,72,4.25,3.89
1829,862,69,72,4.25,3.89
1823,862,69,72,4.25,3.89
1818,862,69,72,4.25,3.89
1814,862,69,72,4.25,3.89
1809,862,69,72,4.25,3.89
1805,862,69,72,4.25,3.89
1802,862,69,72,4.25,3.89
1798,862,69,72,4.25,3.89
1795,862,69,72,4.25,3.89
1792,862,69,72,4.25,3.89
1789,862,69,72,4.25,3.89
1786,862,69,72,4.25,3.89
1783,862,69,72,4.25,3.89
1780,862,69,72,4.25,3.89
1778,862,69,72,4.25,3.89
1775,862,69,72,4.25,3.89
1773,862,69,72,4.25,3.89
1770,862,69,72,4.25,3.89
1768,862,69,72,4.25,3.89
1766,862,69,72,4.25,3.89
1764,862,69,72,4.25,3.89
1761,862,69,72,4.25,3.89
1760,862,69,72,4.25,3.89
1759,862,69,72,4.25,3.89
1758,862,69,72,4.25,3.89
1756,862,69,72,4.25,3.89
1754,862,69,72,4.25,3.89
1752,862,69,72,4.25,3.89
1751,862,69,72,4.25,3.89
1749,862,69,72,4.25,3.89
1745,862,69,72,4.25,3.89
1744,862,69,72,4.25,3.89
1741,862,69,72,4.25,3.89
1739,862,69,72,4.25,3.89
1736,862,69,72,4.25,3.89
1734,862,69,72,4.25,3.89
1731,862,69,72,4.25,3.89
1728,862,69,72,4.25,3.89
1726,862,69,72,4.25,3.89
1724,862,69,72,4.25,3.89
1721,862,69,72,4.25,3.89
1718,862,69,72,4.25,3.89
1716,862,69,72,4.25,3.89
1714,862,69,72,4.25,3.89
1711,862,69,72,4.25,3.89
1710,862,69,72,4.25,3.89
1708,862,69,72,4.25,3.89
1706,862,69,72,4.25,3.89
1704,862,69,72,4.25,3.89
1702,862,69,72,4.25,3.89
1698,862,69,72,4.25,3.89
1696,862,69,72,4.25,3.89
1693,862,69,72,4.25,3.89
1689,862,69,72,4.25,3.89
1685,862,69,72,4.25,3.89
1682,862,69,72,4.25,3.89
1679,862,69,72,4.25,3.89
1675,862,69,72,4.25,3.89
1673,862,69,72,4.25,3.89
1670,862,69,72,4.25,3.89
1667,862,69,72,4.25,3.89
1665,862,69,72,4.25,3.89
1664,862,69,72,4.25,3.89
1664,862,69,72,4.25,3.89
1662,862,69,72,4.25,3.89
1661,862,69,72,4.25,3.89
1661,862,69,72,4.25,3.89
1661,862,69,72,4.25,3.89
1663,862,69,72,4.25,3.89
1665,862,69,72,4.25,3.89
1669,862,69,72,4.25,3.89
1676,862,69,72,4.25,3.89
1685,862,69,72,4.25,3.89
1697,862,69,72,4.25,3.89
1712,862,69,72,4.25,3.89
1732,862,69,72,4.25,3.89
1757,862,69,72,4.25,3.89
1785,862,69,72,4.25,3.89
1818,862,69,72,4.25,3.89
1856,862,69,72,4.25,3.89
1897,862,69,72,4.25,3.89
1943,862,69,72,4.25,3.89
1991,862,69,72,4.25,3.89
2043,862,69,72,4.25,3.89
2097,862,69,72,4.25,3.89
2154,862,69,72,4.25,3.89
2211,862,69,72,4.25,3.89
2269,862,69,72,4.25,3.89
2327,862,69,72,4.25,3.89
2384,862,69,72,4.25,3.89
2439,862,69,72,4.25,3.89
2492,862,69,72,4.25,3.89
2542,862,69,72,4.25,3.89
2587,862,69,72,4.25,3.89
2631,791,75,72,4.25,3.89
2670,791,75,72,4.25,3.89
2717,791,75,72,4.06,3.89
2749,791,75,71,4.06,3.89
2769,791,75,71,4.06,3.89
2784,791,75,71,4.06,3.98
2794,791,75,71,4.06,3.98
2800,791,75,71,4.06,3.98
2801,791,75,71,4.06,3.98
2800,791,75,71,4.06,3.98
2793,791,75,71,4.06,3.98
2784,791,75,71,4.06,3.98
2771,791,75,71,4.06,3.98
2756,791,75,71,4.06,3.98
2739,791,75,71,4.06,3.98
2721,791,75,71,4.06,3.98
2700,791,75,71,4.06,3.98
2679,791,75,71,4.06,3.98
2655,791,75,71,4.06,3.98
2632,791,75,71,4.06,3.98
2608,791,75,71,4.06,3.98
2584,791,75,71,4.06,3.98
2561,791,75,71,4.06,3.98
2537,791,75,71,4.06,3.98
2514,791,75,71,4.06,3.98
2493,791,75,71,4.06,3.98
2471,791,75,71,4.06,3.98
2450,791,75,71,4.06,3.98
2430,791,75,71,4.06,3.98
2411,791,75,71,4.06,3.98
2393,791,75,71,4.06,3.98
2375,791,75,71,4.06,3.98
2357,791,75,71,4.06,3.98
2341,791,75,71,4.06,3.98
2325,791,75,71,4.06,3.98
2309,791,75,71,4.06,3.98
2292,791,75,71,4.06,3.98
2277,791,75,71,4.06,3.98
2261,791,75,71,4.06,3.98
2246,791,75,71,4.06,3.98
2228,791,75,71,4.06,3.98
2213,791,75,71,4.06,3.98
2196,791,75,71,4.06,3.98
2180,791,75,71,4.06,3.98
2164,791,75,71,4.06,3.98
2149,791,75,71,4.06,3.98
2134,791,75,71,4.06,3.98
2119,791,75,71,4.06,3.98
2105,791,75,71,4.06,3.98
2093,791,75,71,4.06,3.98
2081,791,75,71,4.06,3.98
2070,791,75,71,4.06,3.98
2061,791,75,71,4.06,3.98
2053,791,75,71,4.06,3.98
2047,791,75,71,4.06,3.98
2042,791,75,71,4.06,3.98
2039,791,75,71,4.06,3.98
2038,791,75,71,4.06,3.98
2038,791,75,71,4.06,3.98
2038,791,75,71,4.06,3.98
2040,791,75,71,4.06,3.98
2042,791,75,71,4.06,3.98
2044,791,75,71,4.06,3.98
2048,791,75,71,4.06,3.98
2053,791,75,71,4.06,3.98
2057,791,75,71,4.06,3.98
2062,791,75,71,4.06,3.98
2066,791,75,71,4.06,3.98
2070,791,75,71,4.06,3.98
2074,791,75,71,4.06,3.98
2077,791,75,71,4.06,3.98
2082,791,75,71,4.06,3.98
2084,791,75,71,4.06,3.98
2087,791,75,71,4.06,3.98
2089,791,75,71,4.06,3.98
2090,791,75,71,4.06,3.98
2091,791,75,71,4.06,3.98
2090,791,75,71,4.06,3.98
2089,791,75,71,4.06,3.98
2087,791,75,71,4.06,3.98
2084,791,75,71,4.06,3.98
2079,791,75,71,4.06,3.98
2074,791,75,71,4.06,3.98
2068,791,75,71,4.06,3.98
2059,791,75,71,4.06,3.98
2052,791,75,71,4.06,3.98
2043,791,75,71,4.06,3.98
2034,791,75,71,4.06,3.98
2024,791,75,71,4.06,3.98
2013,791,75,71,4.06,3.98
2002,791,75,71,4.06,3.98
1992,791,75,71,4.06,3.98
1980,791,75,71,4.06,3.98
1967,791,75,71,4.06,3.98
1955,791,75,71,4.06,3.98
1942,791,75,71,4.06,3.98
1929,791,75,71,4.06,3.98
1917,791,75,71,4.06,3.98
1904,791,75,71,4.06,3.98
1892,791,75,71,4.06,3.98
1881,791,75,71,4.06,3.98
1869,791,75,71,4.06,3.98
1858,791,75,71,4.06,3.98
1849,791,75,71,4.06,3.98
1838,791,75,71,4.06,3.98
1828,791,75,71,4.06,3.98
1820,791,75,71,4.06,3.98
1812,791,75,71,4.06,3.98
1804,791,75,71,4.06,3.98
1798,791,75,71,4.06,3.98
1792,791,75,71,4.06,3.98
1786,791,75,71,4.06,3.98
1782,791,75,71,4.06,3.98
1777,791,75,71,4.06,3.98
1774,791,75,71,4.06,3.98
1770,791,75,71,4.06,3.98
1768,791,75,71,4.06,3.98
1766,791,75,71,4.06,3.98
1763,791,75,71,4.06,3.98
1761,791,75,71,4.06,3.98
1759,791,75,71,4.06,3.98
1758,791,75,71,4.06,3.98
1756,791,75,71,4.06,3.98
1754,791,75,71,4.06,3.98
1754,791,75,71,4.06,3.98
1753,791,75,71,4.06,3.98
1753,791,75,71,4.06,3.98
1752,791,75,71,4.06,3.98
1750,791,75,71,4.06,3.98
1749,791,75,71,4.06,3.98
1748,791,75,71,4.06,3.98
1747,791,75,71,4.06,3.98
1745,791,75,71,4.06,3.98
1744,791,75,71,4.06,3.98
1743,791,75,71,4.06,3.98
1742,791,75,71,4.06,3.98
1740,791,75,71,4.06,3.98
1738,791,75,71,4.06,3.98
1736,791,75,71,4.06,3.98
1735,791,75,71,4.06,3.98
1734,791,75,71,4.06,3.98
1732,791,75,71,4.06,3.98
1731,791,75,71,4.06,3.98
1729,791,75,71,4.06,3.98
1728,791,75,71,4.06,3.98
1727,791,75,71,4.06,3.98
1726,791,75,71,4.06,3.98
1724,791,75,71,4.06,3.98
1724,791,75,71,4.06,3.98
1723,791,75,71,4.06,3.98
1721,791,75,71,4.06,3.98
1719,791,75,71,4.06,3.98
1717,791,75,71,4.06,3.98
1715,791,75,71,4.06,3.98
1714,791,75,71,4.06,3.98
1711,791,75,71,4.06,3.98
1711,791,75,71,4.06,3.98
1708,791,75,71,4.06,3.98
1706,791,75,71,4.06,3.98
1704,791,75,71,4.06,3.98
1703,791,75,71,4.06,3.98
1700,791,75,71,4.06,3.98
1698,791,75,71,4.06,3.98
1696,791,75,71,4.06,3.98
1694,791,75,71,4.06,3.98
1693,791,75,71,4.06,3.98
1690,791,75,71,4.06,3.98
1689,791,75,71,4.06,3.98
1688,791,75,71,4.06,3.98
1686,791,75,71,4.06,3.98
1684,791,75,71,4.06,3.98
1682,791,75,71,4.06,3.98
1680,791,75,71,4.06,3.98
1677,791,75,71,4.06,3.98
1674,791,75,71,4.06,3.98
1671,791,75,71,4.06,3.98
1668,791,75,71,4.06,3.98
1665,791,75,71,4.06,3.98
1663,791,75,71,4.06,3.98
1661,791,75,71,4.06,3.98
1658,791,75,71,4.06,3.98
1656,791,75,71,4.06,3.98
1655,791,75,71,4.06,3.98
1655,791,75,71,4.06,3.98
1657,791,75,71,4.06,3.98
1659,791,75,71,4.06,3.98
1663,791,75,71,4.06,3.98
1670,791,75,71,4.06,3.98
1678,791,75,71,4.06,3.98
1691,791,75,71,4.06,3.98
1707,791,75,71,4.06,3.98
1728,791,75,71,4.06,3.98
1753,791,75,71,4.06,3.98
1784,791,75,71,4.06,3.98
1819,791,75,71,4.06,3.98
1860,791,75,71,4.06,3.98
1905,791,75,71,4.06,3.98
1955,791,75,71,4.06,3.98
2009,791,75,71,4.06,3.98
2067,791,75,71,4.06,3.98
2127,791,75,71,4.06,3.98
2191,791,75,71,4.06,3.98
2255,791,75,71,4.06,3.98
2320,791,75,71,4.06,3.98
2385,791,75,71,4.06,3.98
2451,791,75,71,4.06,3.98
2514,791,75,71,4.06,3.98
2575,791,75,71,4.06,3.98
2633,791,75,71,4.06,3.98
2686,791,75,71,4.06,3.98
2735,791,75,71,4.06,3.98
2781,814,75,71,4.06,3.98
2820,814,75,71,4.06,3.98
2871,814,75,71,4.06,3.98
2904,814,75,71,4.06,3.98
2924,814,75,71,4.06,3.98
2940,814,75,71,4.06,3.98
2950,814,75,71,4.06,3.98
2955,814,75,71,4.06,3.98
2958,814,75,71,4.06,3.98
2954,814,75,71,4.06,3.98
2947,814,75,71,4.06,3.98
2937,814,75,71,4.06,3.98
2924,814,75,71,4.06,3.98
2906,814,73,71,4.06,3.98
2887,814,73,71,4.06,3.98
2867,814,73,71,4.06,3.98
2845,814,73,70,4.06,3.98
2822,814,73,70,4.06,3.98
2799,814,73,70,4.06,3.98
2774,814,73,70,4.06,3.98
2750,814,73,70,4.06,3.98
2727,814,73,70,4.06,3.98
2703,814,73,70,4.06,3.98
2679,814,73,70,4.06,3.98
2653,814,73,70,4.06,3.98
2632,814,73,70,4.06,3.98
2613,814,73,70,4.06,3.98
2595,814,73,70,4.06,3.98
2577,814,73,70,4.06,3.98
2560,814,73,70,4.06,3.98
2545,814,73,70,4.06,3.98
2532,814,73,70,4.06,3.98
2518,814,73,70,4.06,3.98
2506,814,73,70,4.06,3.98
2494,814,73,70,4.06,3.98
2481,814,73,70,4.06,3.98
2469,814,73,70,4.06,3.98
2457,814,73,70,4.06,3.98
2443,814,73,70,4.06,3.98
2430,814,73,70,4.06,3.98
2416,814,73,70,4.06,3.98
2402,814,73,70,4.06,3.98
2387,814,73,70,4.06,3.98
2372,814,73,70,4.06,3.98
2356,814,73,70,4.06,3.98
2340,814,73,70,4.06,3.98
2323,814,73,70,4.06,3.98
2307,814,73,70,4.42,3.98
2290,814,73,70,4.42,3.98
2274,814,73,70,4.42,3.98
2259,814,73,70,4.42,4.07
2245,814,73,70,4.42,4.07
2231,814,73,70,4.42,4.07
2218,814,73,70,4.42,4.07
2206,814,73,70,4.42,4.07
2196,814,73,70,4.42,4.07
2187,814,73,70,4.42,4.07
2179,814,73,70,4.42,4.07
2172,814,73,70,4.42,4.07
2167,814,73,70,4.42,4.07
2163,814,73,70,4.42,4.07
2161,814,73,70,4.42,4.07
2159,814,73,70,4.42,4.07
2157,814,73,70,4.42,4.07
2156,814,73,70,4.42,4.07
2155,814,73,70,4.42,4.07
2156,814,73,70,4.42,4.07
2157,814,73,70,4.42,4.07
2157,814,73,70,4.42,4.07
2158,814,73,70,4.42,4.07
2158,814,73,70,4.42,4.07
2159,814,73,70,4.42,4.07
2159,814,73,70,4.42,4.07
2158,814,73,70,4.42,4.07
2156,814,73,70,4.42,4.07
2155,814,73,70,4.42,4.07
2152,814,73,70,4.42,4.07
2150,814,73,70,4.42,4.07
2146,814,73,70,4.42,4.07
2142,814,73,70,4.42,4.07
2137,814,73,70,4.42,4.07
2131,814,73,70,4.42,4.07
2125,814,73,70,4.42,4.07
2118,814,73,70,4.42,4.07
2110,814,73,70,4.42,4.07
2101,814,73,70,4.42,4.07
2091,814,73,70,4.42,4.07
2082,814,73,70,4.42,4.07
2071,814,73,70,4.42,4.07
2060,814,73,70,4.42,4.07
2049,814,73,70,4.42,4.07
2037,814,73,70,4.42,4.07
2026,814,73,70,4.42,4.07
2015,814,73,70,4.42,4.07
2001,814,73,70,4.42,4.07
1990,814,73,70,4.42,4.07
1979,814,73,70,4.42,4.07
1968,814,73,70,4.42,4.07
1958,814,73,70,4.42,4.07
1948,814,73,70,4.42,4.07
1937,814,73,70,4.42,4.07
1929,814,73,70,4.42,4.07
1919,814,73,70,4.42,4.07
1910,814,73,70,4.42,4.07
1902,814,73,70,4.42,4.07
1893,814,73,70,4.42,4.07
1885,814,73,70,4.42,4.07
1877,814,73,70,4.42,4.07
1869,814,73,70,4.42,4.07
1862,814,73,70,4.42,4.07
1855,814,73,70,4.42,4.07
1849,814,73,70,4.42,4.07
1843,814,73,70,4.42,4.07
1837,814,73,70,4.42,4.07
1831,814,73,70,4.42,4.07
1827,814,73,70,4.42,4.07
1822,814,73,70,4.42,4.07
1818,814,73,70,4.42,4.07
1814,814,73,70,4.42,4.07
1810,814,73,70,4.42,4.07
1806,814,73,70,4.42,4.07
1803,814,73,70,4.42,4.07
1801,814,73,70,4.42,4.07
1799,814,73,70,4.42,4.07
1796,814,73,70,4.42,4.07
1793,814,73,70,4.42,4.07
1792,814,73,70,4.42,4.07
1789,814,73,70,4.42,4.07
1786,814,73,70,4.42,4.07
1785,814,73,70,4.42,4.07
1782,814,73,70,4.42,4.07
1779,814,73,70,4.42,4.07
1777,814,73,70,4.42,4.07
1775,814,73,70,4.42,4.07
1773,814,73,70,4.42,4.07
1771,814,73,70,4.42,4.07
1768,814,73,70,4.42,4.07
1766,814,73,70,4.42,4.07
1765,814,73,70,4.42,4.07
1763,814,73,70,4.42,4.07
1761,814,73,70,4.42,4.07
1759,814,73,70,4.42,4.07
1757,814,73,70,4.42,4.07
1756,814,73,70,4.42,4.07
1754,814,73,70,4.42,4.07
1752,814,73,70,4.42,4.07
1751,814,73,70,4.42,4.07
1748,814,73,70,4.42,4.07
1747,814,73,70,4.42,4.07
1746,814,73,70,4.42,4.07
1743,814,73,70,4.42,4.07
1742,814,73,70,4.42,4.07
1741,814,73,70,4.42,4.07
1739,814,73,70,4.42,4.07
1737,814,73,70,4.42,4.07
1735,814,73,70,4.42,4.07
1732,814,73,70,4.42,4.07
1730,814,73,70,4.42,4.07
1728,814,73,70,4.42,4.07
1726,814,73,70,4.42,4.07
1725,814,73,70,4.42,4.07
1723,814,73,70,4.42,4.07
1722,814,73,70,4.42,4.07
1722,814,73,70,4.42,4.07
1720,814,73,70,4.42,4.07
1718,814,73,70,4.42,4.07
1717,814,73,70,4.42,4.07
1716,814,73,70,4.42,4.07
1714,814,73,70,4.42,4.07
1713,814,73,70,4.42,4.07
1710,814,73,70,4.42,4.07
1708,814,73,70,4.42,4.07
1705,814,73,70,4.42,4.07
1703,814,73,70,4.42,4.07
1699,814,73,70,4.42,4.07
1696,814,73,70,4.42,4.07
1693,814,73,70,4.42,4.07
1690,814,73,70,4.42,4.07
1687,814,73,70,4.42,4.07
1683,814,73,70,4.42,4.07
1680,814,73,70,4.42,4.07
1677,814,73,70,4.42,4.07
1674,814,73,70,4.42,4.07
1672,814,73,70,4.42,4.07
1671,814,73,70,4.42,4.07
1670,814,73,70,4.42,4.07
1670,814,73,70,4.42,4.07
1670,814,73,70,4.42,4.07
1674,814,73,70,4.42,4.07
1678,814,73,70,4.42,4.07
1686,814,73,70,4.42,4.07
1695,814,73,70,4.42,4.07
1709,814,73,70,4.42,4.07
1725,814,73,70,4.42,4.07
1748,814,73,70,4.42,4.07
1774,814,73,70,4.42,4.07
1803,814,73,70,4.42,4.07
1840,814,73,70,4.42,4.07
1881,814,73,70,4.42,4.07
1927,814,73,70,4.42,4.07
1976,814,73,70,4.42,4.07
2030,814,73,70,4.42,4.07
2085,814,73,70,4.42,4.07
2144,814,73,70,4.42,4.07
2206,814,73,70,4.42,4.07
2267,814,73,70,4.42,4.07
2329,814,73,70,4.42,4.07
2393,814,73,70,4.42,4.07
2453,814,73,70,4.42,4.07
2512,814,73,70,4.42,4.07
2568,814,73,70,4.42,4.07
2622,814,73,70,4.42,4.07
2671,814,73,70,4.42,4.07
2716,827,73,70,4.42,4.07
2756,827,73,70,4.42,4.07
2807,827,73,70,4.42,4.07
2841,827,73,70,4.42,4.07
2864,827,73,70,4.42,4.07
2881,827,73,70,4.42,4.07
2892,827,73,70,4.42,4.07
2900,827,73,70,4.42,4.07
2902,827,73,70,4.42,4.07
2901,827,73,70,4.42,4.07
2896,827,73,70,4.42,4.07
2886,827,73,70,4.42,4.07
2874,827,73,70,4.42,4.07
2860,827,73,70,4.42,4.07
2841,827,73,70,4.42,4.07
2822,827,73,70,4.42,4.07
2802,827,73,70,4.42,4.07
2779,827,73,70,4.42,4.07
2757,827,73,70,4.42,4.07
2734,827,73,70,4.42,4.07
2711,827,73,70,4.42,4.07
2688,827,73,70,4.42,4.07
2664,827,73,70,4.42,4.07
2642,827,73,70,4.42,4.07
2621,827,71,70,4.42,4.07
2599,827,71,70,4.42,4.07
2580,827,71,70,4.42,4.07
2561,827,71,71,4.42,4.07
2543,827,71,71,4.42,4.07
2526,827,71,71,4.42,4.07
2510,827,71,71,4.42,4.07
2496,827,71,71,4.42,4.07
2481,827,71,71,4.42,4.07
2468,827,71,71,4.42,4.07
2456,827,71,71,4.42,4.07
2444,827,71,71,4.42,4.07
2431,827,71,71,4.42,4.07
2420,827,71,71,4.42,4.07
2408,827,71,71,4.42,4.07
2394,827,71,71,4.42,4.07
2381,827,71,71,4.42,4.07
2367,827,71,71,4.42,4.07
2352,827,71,71,4.42,4.07
2337,827,71,71,4.42,4.07
2321,827,71,71,4.42,4.07
2305,827,71,71,4.42,4.07
2289,827,71,71,4.42,4.07
2272,827,71,71,4.42,4.07
2257,827,71,71,4.42,4.07
2242,827,71,71,4.42,4.07
2227,827,71,71,4.42,4.07
2213,827,71,71,4.42,4.07
2199,827,71,71,4.42,4.07
2186,827,71,71,4.42,4.07
2175,827,71,71,4.42,4.07
2165,827,71,71,4.42,4.07
2155,827,71,71,4.42,4.07
2147,827,71,71,4.42,4.07
2141,827,71,71,4.42,4.07
2135,827,71,71,4.42,4.07
2130,827,71,71,4.42,4.07
2127,827,71,71,4.42,4.07
2124,827,71,71,4.42,4.07
2123,827,71,71,4.42,4.07
2123,827,71,71,4.42,4.07
2123,827,71,71,4.42,4.07
2123,827,71,71,4.42,4.07
2125,827,71,71,4.42,4.07
2124,827,71,71,4.42,4.07
2126,827,71,71,4.42,4.07
2127,827,71,71,4.42,4.07
2128,827,71,71,4.42,4.07
2128,827,71,71,4.42,4.07
2129,827,71,71,4.42,4.07
2127,827,71,71,4.42,4.07
2127,827,71,71,4.42,4.07
2126,827,71,71,4.42,4.07
2123,827,71,71,4.42,4.07
2120,827,71,71,4.42,4.07
2117,827,71,71,4.42,4.07
2113,827,71,71,4.42,4.07
2109,827,71,71,4.42,4.07
2103,827,71,71,4.42,4.07
2098,827,71,71,4.42,4.07
2091,827,71,71,4.42,4.07
2084,827,71,71,4.42,4.07
2076,827,71,71,4.42,4.07
2068,827,71,71,4.42,4.07
2059,827,71,71,4.42,4.07
2048,827,71,71,4.42,4.07
2039,827,71,71,4.19,4.07
2029,827,71,71,4.19,4.07
2018,827,71,71,4.19,4.07
2008,827,71,71,4.19,4.13
1996,827,71,71,4.19,4.13
1986,827,71,71,4.19,4.13
1975,827,71,71,4.19,4.13
1965,827,71,71,4.19,4.13
1954,827,71,71,4.19,4.13
1943,827,71,71,4.19,4.13
1934,827,71,71,4.19,4.13
1923,827,71,71,4.19,4.13
1914,827,71,71,4.19,4.13
1905,827,71,71,4.19,4.13
1897,827,71,71,4.19,4.13
1891,827,71,71,4.19,4.13
1883,827,71,71,4.19,4.13
1877,827,71,71,4.19,4.13
1871,827,71,71,4.19,4.13
1865,827,71,71,4.19,4.13
1858,827,71,71,4.19,4.13
1852,827,71,71,4.19,4.13
1847,827,71,71,4.19,4.13
1842,827,71,71,4.19,4.13
1837,827,71,71,4.19,4.13
1833,827,71,71,4.19,4.13
1827,827,71,71,4.19,4.13
1824,827,71,71,4.19,4.13
1819,827,71,71,4.19,4.13
1816,827,71,71,4.19,4.13
1811,827,71,71,4.19,4.13
1808,827,71,71,4.19,4.13
1804,827,71,71,4.19,4.13
1800,827,71,71,4.19,4.13
1797,827,71,71,4.19,4.13
1793,827,71,71,4.19,4.13
1790,827,71,71,4.19,4.13
1787,827,71,71,4.19,4.13
1784,827,71,71,4.19,4.13
1782,827,71,71,4.19,4.13
1779,827,71,71,4.19,4.13
1778,827,71,71,4.19,4.13
1776,827,71,71,4.19,4.13
1775,827,71,71,4.19,4.13
1774,827,71,71,4.19,4.13
1772,827,71,71,4.19,4.13
1772,827,71,71,4.19,4.13
1770,827,71,71,4.19,4.13
1769,827,71,71,4.19,4.13
1768,827,71,71,4.19,4.13
1767,827,71,71,4.19,4.13
1767,827,71,71,4.19,4.13
1765,827,71,71,4.19,4.13
1763,827,71,71,4.19,4.13
1762,827,71,71,4.19,4.13
1761,827,71,71,4.19,4.13
1761,827,71,71,4.19,4.13
1760,827,71,71,4.19,4.13
1760,827,71,71,4.19,4.13
1758,827,71,71,4.19,4.13
1756,827,71,71,4.19,4.13
1754,827,71,71,4.19,4.13
1754,827,71,71,4.19,4.13
1752,827,71,71,4.19,4.13
1750,827,71,71,4.19,4.13
1748,827,71,71,4.19,4.13
1746,827,71,71,4.19,4.13
1744,827,71,71,4.19,4.13
1741,827,71,71,4.19,4.13
1738,827,71,71,4.19,4.13
1736,827,71,71,4.19,4.13
1734,827,71,71,4.19,4.13
1731,827,71,71,4.19,4.13
1728,827,71,71,4.19,4.13
1726,827,71,71,4.19,4.13
1723,827,71,71,4.19,4.13
1720,827,71,71,4.19,4.13
1718,827,71,71,4.19,4.13
1717,827,71,71,4.19,4.13
1714,827,71,71,4.19,4.13
1713,827,71,71,4.19,4.13
1711,827,71,71,4.19,4.13
1710,827,71,71,4.19,4.13
1709,827,71,71,4.19,4.13
1707,827,71,71,4.19,4.13
1705,827,71,71,4.19,4.13
1702,827,71,71,4.19,4.13
1699,827,71,71,4.19,4.13
1696,827,71,71,4.19,4.13
1693,827,71,71,4.19,4.13
1689,827,71,71,4.19,4.13
1686,827,71,71,4.19,4.13
1683,827,71,71,4.19,4.13
1680,827,71,71,4.19,4.13
1677,827,71,71,4.19,4.13
1674,827,71,71,4.19,4.13
1671,827,71,71,4.19,4.13
1669,827,71,71,4.19,4.13
1666,827,71,71,4.19,4.13
1667,827,71,71,4.19,4.13
1666,827,71,71,4.19,4.13
1667,827,71,71,4.19,4.13
1669,827,71,71,4.19,4.13
1673,827,71,71,4.19,4.13
1678,827,71,71,4.19,4.13
1687,827,71,71,4.19,4.13
1698,827,71,71,4.19,4.13
1715,827,71,71,4.19,4.13
1734,827,71,71,4.19,4.13
1757,827,71,71,4.19,4.13
1785,827,71,71,4.19,4.13
1817,827,71,71,4.19,4.13
1855,827,71,71,4.19,4.13
1898,827,71,71,4.19,4.13
1944,827,71,71,4.19,4.13
1993,827,71,71,4.19,4.13
2047,827,71,71,4.19,4.13
2104,827,71,71,4.19,4.13
2162,827,71,71,4.19,4.13
2222,827,71,71,4.19,4.13
2283,827,71,71,4.19,4.13
2343,827,71,71,4.19,4.13
2402,827,71,71,4.19,4.13
2459,827,71,71,4.19,4.13
2515,827,71,71,4.19,4.13
2568,827,71,71,4.19,4.13
2617,827,71,71,4.19,4.13
2660,827,71,71,4.19,4.13
2702,842,71,71,4.19,4.13
2738,842,71,71,4.19,4.13
2783,842,71,71,4.19,4.13
2812,842,71,71,4.19,4.13
2829,842,71,71,4.19,4.13
2842,842,71,71,4.19,4.13
2849,842,71,71,4.19,4.13
2852,842,71,71,4.19,4.13
2850,842,71,71,4.19,4.13
2846,842,71,71,4.19,4.13
2837,842,71,71,4.19,4.13
2825,842,71,71,4.19,4.13
2810,842,71,71,4.19,4.13
2792,842,71,71,4.19,4.13
2771,842,71,71,4.19,4.13
2749,842,71,71,4.19,4.13
2727,842,71,71,4.19,4.13
2704,842,71,71,4.19,4.13
2680,842,71,71,4.19,4.13
2654,842,71,71,4.19,4.13
2631,842,71,71,4.19,4.13
2607,842,71,71,4.19,4.13
2583,842,71,71,4.19,4.13
2560,842,71,71,4.19,4.13
2539,842,71,71,4.19,4.13
2517,842,71,71,4.19,4.13
2498,842,71,71,4.19,4.13
2479,842,71,71,4.19,4.13
2462,842,71,71,4.19,4.13
2444,842,71,71,4.19,4.13
2428,842,70,71,4.19,4.13
2414,842,70,71,4.19,4.13
2399,842,70,71,4.19,4.13
2386,842,70,71,4.19,4.13
2371,842,70,71,4.19,4.13
2359,842,70,71,4.19,4.13
2346,842,70,71,4.19,4.13
2332,842,70,71,4.19,4.13
2318,842,70,71,4.19,4.13
2304,842,70,71,4.19,4.13
2289,842,70,71,4.19,4.13
2276,842,70,71,4.19,4.13
2259,842,70,71,4.19,4.13
2245,842,70,71,4.19,4.13
2230,842,70,71,4.19,4.13
2215,842,70,71,4.19,4.13
2202,842,70,71,4.19,4.13
2188,842,70,71,4.19,4.13
2177,842,70,71,4.19,4.13
2165,842,70,71,4.19,4.13
2156,842,70,71,4.19,4.13
2145,842,70,71,4.19,4.13
2138,842,70,71,4.19,4.13
2132,842,70,71,4.19,4.13
2127,842,70,71,4.19,4.13
2123,842,70,71,4.19,4.13
2120,842,70,71,4.19,4.13
2117,842,70,71,4.19,4.13
2117,842,70,71,4.19,4.13
2116,842,70,71,4.19,4.13
2116,842,70,71,4.19,4.13
2118,842,70,71,4.19,4.13
2119,842,70,71,4.19,4.13
2121,842,70,71,4.19,4.13
2123,842,70,71,4.19,4.13
2125,842,70,71,4.19,4.13
2128,842,70,71,4.19,4.13
2130,842,70,71,4.19,4.13
2133,842,70,71,4.19,4.13
2135,842,70,71,4.19,4.13
2136,842,70,71,4.19,4.13
2139,842,70,71,4.19,4.13
2139,842,70,71,4.19,4.13
2140,842,70,71,4.19,4.13
2139,842,70,71,4.19,4.13
2138,842,70,71,4.19,4.13
2137,842,70,71,4.19,4.13
2134,842,70,71,4.19,4.13
2131,842,70,71,4.19,4.13
2128,842,70,71,4.19,4.13
2124,842,70,71,4.19,4.13
2119,842,70,71,4.19,4.13
2114,842,70,71,4.19,4.13
2108,842,70,71,4.19,4.13
2102,842,70,71,4.19,4.13
2094,842,70,71,4.19,4.13
2087,842,70,71,4.19,4.13
2079,842,70,71,4.19,4.13
2070,842,70,71,4.19,4.13
2061,842,70,71,4.19,4.13
2051,842,70,71,4.19,4.13
2041,842,70,71,4.19,4.13
2032,842,70,71,4.19,4.13
2022,842,70,71,4.19,4.13
2014,842,70,71,4.19,4.13
2006,842,70,71,4.19,4.13
1997,842,70,71,4.19,4.13
1990,842,70,71,4.19,4.13
1984,842,70,71,4.19,4.13
1977,842,70,71,4.19,4.13
1973,842,70,71,4.19,4.13
1968,842,70,71,4.19,4.13
1963,842,70,71,4.19,4.13
1960,842,70,71,4.19,4.13
1956,842,70,71,4.19,4.13
1954,842,70,71,4.19,4.13
1950,842,70,71,4.19,4.13
1947,842,70,71,4.19,4.13
1944,842,70,71,4.19,4.13
1942,842,70,71,4.19,4.13
1939,842,70,71,4.19,4.13
1938,842,70,71,4.19,4.13
1936,842,70,71,4.19,4.13
1935,842,70,71,4.19,4.13
1932,842,70,71,4.19,4.13
1931,842,70,71,4.19,4.13
1929,842,70,71,4.19,4.13
1927,842,70,71,4.19,4.13
1925,842,70,71,4.19,4.13
1923,842,70,71,4.19,4.13
1920,842,70,71,4.19,4.13
1919,842,70,71,4.19,4.13
1918,842,70,71,4.19,4.13
1916,842,70,71,4.19,4.13
1915,842,70,71,4.19,4.13
1915,842,70,71,4.19,4.13
1914,842,70,71,4.19,4.13
1913,842,70,71,4.19,4.13
1913,842,70,71,4.04,4.13
1912,842,70,71,4.04,4.13
1913,842,70,71,4.04,4.13
1912,842,70,71,4.04,4.16
1912,842,70,71,4.04,4.16
1912,842,70,71,4.04,4.16
1912,842,70,71,4.04,4.16
1912,842,70,71,4.04,4.16
1911,842,70,71,4.04,4.16
1911,842,70,71,4.04,4.16
1911,842,70,71,4.04,4.16
1911,842,70,71,4.04,4.16
1909,842,70,71,4.04,4.16
1909,842,70,71,4.04,4.16
1908,842,70,71,4.04,4.16
1907,842,70,71,4.04,4.16
1905,842,70,71,4.04,4.16
1905,842,70,71,4.04,4.16
1903,842,70,71,4.04,4.16
1902,842,70,71,4.04,4.16
1900,842,70,71,4.04,4.16
1899,842,70,71,4.04,4.16
1897,842,70,71,4.04,4.16
1896,842,70,71,4.04,4.16
1894,842,70,71,4.04,4.16
1892,842,70,71,4.04,4.16
1890,842,70,71,4.04,4.16
1888,842,70,71,4.04,4.16
1886,842,70,71,4.04,4.16
1883,842,70,71,4.04,4.16
1880,842,70,71,4.04,4.16
1877,842,70,71,4.04,4.16
1875,842,70,71,4.04,4.16
1872,842,70,71,4.04,4.16
1872,842,70,71,4.04,4.16
1871,842,70,71,4.04,4.16
1872,842,70,71,4.04,4.16
1872,842,70,71,4.04,4.16
1874,842,70,71,4.04,4.16
1877,842,70,71,4.04,4.16
1879,842,70,71,4.04,4.16
1882,842,70,71,4.04,4.16
1887,842,70,71,4.04,4.16
1890,842,70,71,4.04,4.16
1895,842,70,71,4.04,4.16
1900,842,70,71,4.04,4.16
1906,842,70,71,4.04,4.16
1914,842,70,71,4.04,4.16
1924,842,70,71,4.04,4.16
1937,842,70,71,4.04,4.16
1952,842,70,71,4.04,4.16
1971,842,70,71,4.04,4.16
1994,842,70,71,4.04,4.16
2021,842,70,71,4.04,4.16
2052,842,70,71,4.04,4.16
2087,842,70,71,4.04,4.16
2126,842,70,71,4.04,4.16
2168,842,70,71,4.04,4.16
2214,842,70,71,4.04,4.16
2262,842,70,71,4.04,4.16
2312,842,70,71,4.04,4.16
2364,842,70,71,4.04,4.16
2416,842,70,71,4.04,4.16
2468,842,70,71,4.04,4.16
2519,842,70,71,4.04,4.16
2570,842,70,71,4.04,4.16
2618,842,70,71,4.04,4.16
2664,842,70,71,4.04,4.16
2706,842,70,71,4.04,4.16
2745,842,70,71,4.04,4.16
2781,769,70,71,4.04,4.16
2813,769,70,71,4.04,4.16
2851,769,70,71,4.04,4.16
2877,769,70,71,4.04,4.16
2892,769,70,71,4.04,4.16
2904,769,70,71,4.04,4.16
2912,769,70,71,4.04,4.16
2917,769,70,71,4.04,4.16
2917,769,70,71,4.04,4.16
2914,769,70,71,4.04,4.16
2908,769,70,71,4.04,4.16
2899,769,70,71,4.04,4.16
2887,769,70,71,4.04,4.16
2873,769,70,71,4.04,4.16
2857,769,70,71,4.04,4.16
2839,769,70,71,4.04,4.16
2818,769,70,71,4.04,4.16
2798,769,70,71,4.04,4.16
2776,769,70,71,4.04,4.16
2753,769,70,71,4.04,4.16
2729,769,70,71,4.04,4.16
2707,769,70,71,4.04,4.16
2685,769,70,71,4.04,4.16
2663,769,70,71,4.04,4.16
2642,769,77,71,4.04,4.16
2622,769,77,71,4.04,4.16
2603,769,77,71,4.04,4.16
2583,769,77,71,4.04,4.16
2565,769,77,71,4.04,4.16
2549,769,77,71,4.04,4.16
2532,769,77,71,4.04,4.16
2517,769,77,71,4.04,4.16
2501,769,77,71,4.04,4.16
2485,769,77,71,4.04,4.16
2470,769,77,71,4.04,4.16
2454,769,77,71,4.04,4.16
2437,769,77,71,4.04,4.16
2420,769,77,71,4.04,4.16
2402,769,77,71,4.04,4.16
2384,769,77,71,4.04,4.16
2365,769,77,71,4.04,4.16
2346,769,77,71,4.04,4.16
2328,769,77,71,4.04,4.16
2308,769,77,71,4.04,4.16
2290,769,77,71,4.04,4.16
2273,769,77,71,4.04,4.16
2257,769,77,71,4.04,4.16
2241,769,77,71,4.04,4.16
2226,769,77,71,4.04,4.16
2213,769,77,71,4.04,4.16
2201,769,77,71,4.04,4.16
2190,769,77,71,4.04,4.16
2182,769,77,71,4.04,4.16
2173,769,77,71,4.04,4.16
2167,769,77,71,4.04,4.16
2161,769,77,71,4.04,4.16
2158,769,77,71,4.04,4.16
2158,769,77,71,4.04,4.16
2158,769,77,71,4.04,4.16
2160,769,77,71,4.04,4.16
2162,769,77,71,4.04,4.16
2167,769,77,71,4.04,4.16
2172,769,77,71,4.04,4.16
2177,769,77,71,4.04,4.16
2184,769,77,71,4.04,4.16
2190,769,77,71,4.04,4.16
2195,769,77,71,4.04,4.16
2201,769,77,71,4.04,4.16
2207,769,77,71,4.04,4.16
2212,769,77,71,4.04,4.16
2217,769,77,71,4.04,4.16
2222,769,77,71,4.04,4.16
2225,769,77,71,4.04,4.16
2227,769,77,71,4.04,4.16
2229,769,77,71,4.04,4.16
2230,769,77,71,4.04,4.16
2229,769,77,71,4.04,4.16
2228,769,77,71,4.04,4.16
2225,769,77,71,4.04,4.16
2221,769,77,71,4.04,4.16
2215,769,77,71,4.04,4.16
2209,769,77,71,4.04,4.16
2201,769,77,71,4.04,4.16
2193,769,77,71,4.04,4.16
2182,769,77,71,4.04,4.16
2172,769,77,71,4.04,4.16
2161,769,77,71,4.04,4.16
2148,769,77,71,4.04,4.16
2135,769,77,71,4.04,4.16
2122,769,77,71,4.04,4.16
2108,769,77,71,4.04,4.16
2094,769,77,71,4.04,4.16
2080,769,77,71,4.04,4.16
2065,769,77,71,4.04,4.16
2051,769,77,71,4.04,4.16
2036,769,77,71,4.04,4.16
2022,769,77,71,4.04,4.16
2008,769,77,71,4.04,4.16
1994,769,77,71,4.04,4.16
1980,769,77,71,4.04,4.16
1967,769,77,71,4.04,4.16
1953,769,77,71,4.04,4.16
1940,769,77,71,4.04,4.16
1927,769,77,71,4.04,4.16
1915,769,77,71,4.04,4.16
1902,769,77,71,4.04,4.16
1889,769,77,71,4.04,4.16
1877,769,77,71,4.04,4.16
1864,769,77,71,4.04,4.16
1852,769,77,71,4.04,4.16
1841,769,77,71,4.04,4.16
1829,769,77,71,4.04,4.16
1819,769,77,71,4.04,4.16
1809,769,77,71,4.04,4.16
1799,769,77,71,4.04,4.16
1790,769,77,71,4.04,4.16
1781,769,77,71,4.04,4.16
1772,769,77,71,4.04,4.16
1763,769,77,71,4.04,4.16
1755,769,77,71,4.04,4.16
1747,769,77,71,4.04,4.16
1740,769,77,71,4.04,4.16
1733,769,77,71,4.04,4.16
1726,769,77,71,4.04,4.16
1719,769,77,71,4.04,4.16
1713,769,77,71,4.04,4.16
1708,769,77,71,4.04,4.16
1703,769,77,71,4.04,4.16
1698,769,77,71,4.04,4.16
1695,769,77,71,4.04,4.16
1691,769,77,71,4.04,4.16
1688,769,77,71,4.04,4.16
1686,769,77,71,4.04,4.16
1684,769,77,71,4.04,4.16
1682,769,77,71,4.04,4.16
1682,769,77,71,4.04,4.16
1679,769,77,71,4.04,4.16
1677,769,77,71,4.04,4.16
1677,769,77,71,4.04,4.16
1675,769,77,71,4.04,4.16
1674,769,77,71,4.04,4.16
1672,769,77,71,4.04,4.16
1670,769,77,71,4.04,4.16
1667,769,77,71,4.04,4.16
1664,769,77,71,4.04,4.16
1662,769,77,71,4.04,4.16
1657,769,77,71,4.04,4.16
1653,769,77,71,4.04,4.16
1650,769,77,71,4.04,4.16
1646,769,77,71,4.04,4.16
1644,769,77,71,4.04,4.16
1639,769,77,71,4.04,4.16
1637,769,77,71,4.04,4.16
1636,769,77,71,4.04,4.16
1635,769,77,71,4.04,4.16
1635,769,77,71,4.04,4.16
1636,769,77,71,4.04,4.16
1639,769,77,71,4.04,4.16
1642,769,77,71,4.04,4.16
1647,769,77,71,4.04,4.16
